sample_id,892.43,896.16,899.88,903.60,907.31,911.02,914.73,918.43,922.13,925.82,929.51,933.20,936.89,940.57,944.24,947.92,951.59,955.26,958.92,962.58,966.23,969.89,973.54,977.18,980.83,984.46,988.10,991.73,995.36,998.99,1002.61,1006.23,1009.84,1013.45,1017.06,1020.67,1024.27,1027.87,1031.46,1035.06,1038.64,1042.23,1045.81,1049.39,1052.96,1056.53,1060.10,1063.67,1067.23,1070.78,1074.34,1077.89,1081.44,1084.98,1088.52,1092.06,1095.59,1099.12,1102.65,1106.17,1109.69,1113.20,1116.72,1120.22,1123.73,1127.23,1130.73,1134.22,1137.71,1141.20,1144.68,1148.16,1151.64,1155.11,1158.58,1162.04,1165.50,1168.96,1172.41,1175.86,1179.31,1182.75,1186.19,1189.62,1193.05,1196.48,1199.90,1203.32,1206.73,1210.14,1213.55,1216.95,1220.35,1223.74,1227.13,1230.52,1233.90,1237.28,1240.65,1244.02,1247.38,1250.74,1254.10,1257.45,1260.80,1264.14,1267.48,1270.82,1274.15,1277.47,1280.79,1284.11,1287.42,1290.73,1294.03,1297.33,1300.63,1303.92,1307.20,1310.48,1313.76,1317.03,1320.30,1323.56,1326.82,1330.07,1333.32,1336.56,1339.80,1343.03,1346.26,1349.48,1352.70,1355.91,1359.12,1362.33,1365.53,1368.72,1371.91,1375.09,1378.27,1381.45,1384.62,1387.78,1390.94,1394.09,1397.24,1400.39,1403.52,1406.66,1409.79,1412.91,1416.03,1419.14,1422.25,1425.35,1428.45,1431.54,1434.63,1437.71,1440.78,1443.85,1446.92,1449.98,1453.03,1456.08,1459.13,1462.17,1465.20,1468.23,1471.25,1474.27,1477.28,1480.29,1483.29,1486.29,1489.28,1492.27,1495.25,1498.22,1501.19,1504.16,1507.12,1510.07,1513.02,1515.96,1518.90,1521.83,1524.76,1527.68,1530.60,1533.51,1536.42,1539.32,1542.21,1545.10,1547.99,1550.87,1553.74,1556.61,1559.48,1562.34,1565.19,1568.04,1570.88,1573.72,1576.55,1579.38,1582.21,1585.03,1587.84,1590.65,1593.45,1596.25,1599.04,1601.83,1604.62,1607.40,1610.17,1612.94,1615.71,1618.47,1621.23,1623.98,1626.72,1629.47,1632.20,1634.94,1637.67,1640.39,1643.11,1645.83,1648.54,1651.25,1653.95,1656.65,1659.35,1662.04,1664.73,1667.41,1670.09,1672.77,1675.44,1678.11,1680.77,1683.43,1686.09,1688.74,1691.40,1694.04,1696.69,1699.33,1701.97,1704.60,1707.23,1709.86
TK26_S1,0.377886,0.36586,0.371916,0.36569,0.36463,0.359814,0.35506,0.352183,0.346361,0.346302,0.347508,0.342078,0.334985,0.330203,0.327548,0.326329,0.324269,0.322757,0.320632,0.318189,0.316388,0.314689,0.312814,0.311131,0.30935,0.307531,0.305731,0.304005,0.301929,0.300057,0.298351,0.296287,0.294616,0.292956,0.291223,0.289428,0.287603,0.285949,0.284544,0.282747,0.280816,0.279021,0.277849,0.276781,0.275095,0.273806,0.272256,0.27101,0.269735,0.268422,0.267407,0.266588,0.265249,0.264025,0.263045,0.262287,0.261453,0.260781,0.260137,0.259795,0.259113,0.25881,0.258706,0.259101,0.259251,0.259297,0.259335,0.259866,0.260126,0.260669,0.260851,0.262028,0.263507,0.264986,0.266879,0.268333,0.269614,0.270415,0.271063,0.271829,0.272671,0.273465,0.273921,0.274523,0.274341,0.27393,0.27409,0.2738,0.272945,0.272435,0.271328,0.269836,0.268088,0.266094,0.26389,0.262816,0.261619,0.260953,0.259756,0.258802,0.257874,0.256977,0.256194,0.25551,0.255161,0.254825,0.254702,0.254283,0.254157,0.253891,0.253182,0.252692,0.251929,0.251585,0.251165,0.250753,0.250698,0.250386,0.25042,0.250618,0.250628,0.251545,0.252205,0.252815,0.254061,0.255568,0.257867,0.260047,0.262666,0.265706,0.268406,0.2712,0.274302,0.277238,0.279997,0.282863,0.284996,0.287579,0.289379,0.291562,0.293677,0.296742,0.300786,0.305903,0.311694,0.318428,0.326061,0.335479,0.3466,0.358792,0.371058,0.383684,0.39634,0.408593,0.419982,0.429382,0.437578,0.445172,0.450796,0.45546,0.459136,0.461569,0.463673,0.465369,0.466466,0.467486,0.468221,0.468924,0.468567,0.468245,0.467725,0.466884,0.46534,0.464261,0.46354,0.462805,0.461487,0.460908,0.459595,0.457896,0.456168,0.454532,0.452877,0.450728,0.448795,0.446265,0.444934,0.442691,0.441552,0.439505,0.438204,0.437242,0.436413,0.435561,0.434234,0.433609,0.432764,0.432261,0.431203,0.431063,0.430683,0.430399,0.430092,0.430031,0.429454,0.429121,0.429044,0.429313,0.427744,0.426516,0.426169,0.425257,0.42404,0.423173,0.421868,0.420611,0.419742,0.418911,0.418332,0.417637,0.417216,0.416464,0.416735,0.416458,0.41619,0.416299,0.417046,0.416875,0.416998,0.417837,0.41856,0.420198,0.422551,0.424965,0.428031,0.430998,0.434507,0.436803,0.43798,0.439009,0.438153,0.438504,0.43851,0.437848,0.437445,0.438498,0.439744,0.441765,0.442737,0.445394,0.447799,0.450675,0.452871,0.456365,0.458115,0.457727
TK26_S1,0.402781,0.395255,0.397,0.396566,0.389692,0.386998,0.377923,0.381889,0.372743,0.371268,0.372756,0.368881,0.363984,0.359502,0.354323,0.352917,0.350399,0.347788,0.345421,0.342833,0.340992,0.338966,0.336928,0.335075,0.333182,0.331235,0.329495,0.327709,0.325537,0.323631,0.321958,0.319976,0.318168,0.316468,0.314698,0.312875,0.311264,0.309548,0.307966,0.306256,0.304297,0.302605,0.301223,0.300186,0.298884,0.297367,0.295822,0.294538,0.293224,0.291893,0.290918,0.289873,0.288752,0.287351,0.286378,0.285679,0.28472,0.283902,0.283337,0.282911,0.28251,0.282179,0.282129,0.282361,0.282595,0.282353,0.282958,0.283443,0.283847,0.284275,0.284892,0.286108,0.287592,0.289447,0.291435,0.293198,0.2945,0.295389,0.296542,0.297313,0.298179,0.299237,0.299955,0.300618,0.30068,0.300524,0.30055,0.300148,0.299428,0.298664,0.297515,0.296372,0.294072,0.292206,0.290174,0.288846,0.287721,0.286702,0.285542,0.284394,0.283268,0.282556,0.281741,0.281152,0.280751,0.280302,0.280095,0.279749,0.279708,0.279417,0.278484,0.277715,0.277123,0.276698,0.276351,0.276009,0.275765,0.275616,0.275644,0.275915,0.276077,0.276898,0.277495,0.278396,0.279582,0.281321,0.283799,0.286134,0.288751,0.29189,0.294882,0.297737,0.300744,0.303892,0.307032,0.309981,0.312459,0.314969,0.317298,0.319462,0.321443,0.324878,0.329434,0.334802,0.341156,0.348,0.356436,0.366418,0.377864,0.390643,0.403632,0.416895,0.430166,0.442356,0.453896,0.463856,0.472292,0.479756,0.48563,0.490508,0.494303,0.497169,0.499534,0.501111,0.50244,0.503403,0.504283,0.505433,0.505357,0.505132,0.504419,0.503509,0.502123,0.500692,0.500026,0.499278,0.497994,0.497402,0.496025,0.49431,0.492541,0.490791,0.488665,0.486785,0.484611,0.482168,0.480079,0.478457,0.47698,0.47518,0.473737,0.471899,0.471005,0.470305,0.469784,0.468699,0.46801,0.467209,0.466238,0.465898,0.465435,0.465024,0.464272,0.464185,0.464153,0.463708,0.463691,0.463575,0.462355,0.461007,0.460338,0.459177,0.457728,0.457009,0.455668,0.45462,0.453377,0.45192,0.451777,0.4507,0.450083,0.449651,0.449886,0.449748,0.449407,0.448629,0.449184,0.449075,0.449298,0.450075,0.450667,0.452212,0.454156,0.45702,0.459785,0.462836,0.465539,0.468095,0.469567,0.469926,0.469916,0.469704,0.469999,0.468972,0.469076,0.469269,0.471605,0.472659,0.475093,0.478069,0.48047,0.483566,0.485995,0.489549,0.491337,0.491955
TK26_S1,0.413153,0.407594,0.406493,0.406976,0.402788,0.388038,0.396917,0.389645,0.383762,0.392329,0.38125,0.379965,0.372375,0.369583,0.364585,0.362557,0.359924,0.357185,0.354603,0.351987,0.349756,0.347629,0.345626,0.34347,0.341379,0.339768,0.337387,0.335428,0.333308,0.330989,0.328792,0.326717,0.324854,0.322882,0.320824,0.318887,0.316972,0.31516,0.313618,0.311492,0.309294,0.307705,0.306265,0.304903,0.30343,0.301801,0.300135,0.298766,0.297282,0.295771,0.294723,0.293605,0.292166,0.290812,0.289655,0.28871,0.287535,0.286708,0.28603,0.285346,0.284937,0.284434,0.284165,0.284426,0.284546,0.284259,0.284368,0.284696,0.284739,0.285149,0.285306,0.285863,0.287148,0.288465,0.290082,0.291392,0.292363,0.293354,0.294234,0.294962,0.296005,0.297078,0.298211,0.298814,0.298829,0.298715,0.298811,0.29847,0.29788,0.297256,0.296029,0.294712,0.292671,0.290719,0.288756,0.287503,0.286179,0.285165,0.283993,0.282711,0.281327,0.280516,0.279685,0.278872,0.278208,0.277827,0.277687,0.277346,0.277084,0.276761,0.275861,0.275001,0.274134,0.273716,0.273014,0.272546,0.272178,0.271617,0.271459,0.271456,0.271434,0.272088,0.272559,0.272835,0.273766,0.275102,0.276905,0.278889,0.281106,0.284199,0.287054,0.290175,0.292978,0.296134,0.299109,0.302185,0.304594,0.30716,0.309258,0.31107,0.31223,0.314948,0.31898,0.323031,0.327588,0.33257,0.338979,0.346773,0.356616,0.367841,0.379475,0.39199,0.40509,0.417994,0.430461,0.440793,0.450052,0.458164,0.465046,0.47022,0.47451,0.477752,0.479758,0.48078,0.481202,0.481195,0.481757,0.482015,0.48126,0.480241,0.479106,0.477246,0.476109,0.474904,0.474689,0.474015,0.473203,0.47248,0.471553,0.469756,0.468062,0.466438,0.464576,0.462524,0.460301,0.457679,0.455736,0.453963,0.452619,0.450708,0.449238,0.448107,0.447254,0.44636,0.445486,0.444485,0.444146,0.442879,0.442518,0.442131,0.442027,0.44189,0.441552,0.441201,0.441317,0.441382,0.440692,0.440605,0.439785,0.438396,0.438069,0.437144,0.435554,0.435288,0.433502,0.432379,0.431611,0.430269,0.430083,0.429294,0.428742,0.428699,0.42878,0.428763,0.428791,0.428781,0.430011,0.430047,0.430578,0.43076,0.431491,0.433614,0.435394,0.438869,0.442463,0.445747,0.449158,0.451661,0.452971,0.453733,0.452909,0.454234,0.454529,0.453887,0.453868,0.454082,0.455886,0.457986,0.459875,0.463141,0.465733,0.469429,0.472478,0.476401,0.477289,0.477413
TK26_S1,0.363607,0.354638,0.359897,0.355174,0.347714,0.337928,0.344065,0.344181,0.337911,0.336704,0.337524,0.339917,0.329945,0.32846,0.325256,0.323301,0.321668,0.319643,0.318032,0.316304,0.315045,0.313751,0.312495,0.311439,0.310224,0.308963,0.30754,0.30628,0.304636,0.302993,0.301526,0.300039,0.298447,0.297094,0.295767,0.294348,0.292881,0.291456,0.290334,0.288658,0.287126,0.285808,0.284612,0.283869,0.282599,0.281279,0.280158,0.279152,0.278163,0.276934,0.276118,0.275469,0.27448,0.2734,0.272768,0.271966,0.271354,0.2708,0.270394,0.270144,0.269896,0.269672,0.269895,0.270426,0.270946,0.271131,0.271656,0.272427,0.273037,0.274007,0.274801,0.276267,0.278229,0.280422,0.282606,0.284412,0.28606,0.287107,0.28827,0.289201,0.290278,0.291448,0.292471,0.293223,0.293564,0.293368,0.29367,0.293585,0.292891,0.292483,0.291386,0.290121,0.288189,0.286214,0.284288,0.283019,0.281812,0.281027,0.279961,0.278937,0.277634,0.277166,0.276489,0.275816,0.275622,0.275512,0.275497,0.275162,0.275008,0.275074,0.27451,0.273778,0.273238,0.273011,0.272644,0.272268,0.27221,0.272039,0.272148,0.272527,0.272871,0.273738,0.274677,0.275751,0.277214,0.279195,0.281741,0.284535,0.287459,0.290955,0.294382,0.297894,0.301549,0.304679,0.30853,0.311553,0.314543,0.317448,0.319714,0.322127,0.324813,0.328611,0.333227,0.339046,0.346008,0.35361,0.362188,0.37286,0.385201,0.398055,0.411687,0.425366,0.438944,0.451312,0.463351,0.473044,0.482025,0.489247,0.495328,0.500199,0.503668,0.506219,0.508333,0.51002,0.510715,0.511325,0.512261,0.512737,0.512634,0.512275,0.511487,0.51001,0.508758,0.507238,0.506736,0.505727,0.504047,0.503376,0.501981,0.499985,0.498835,0.496767,0.494997,0.49304,0.490688,0.488349,0.486481,0.484813,0.483417,0.48154,0.480361,0.479239,0.478523,0.477713,0.477257,0.476054,0.475589,0.474424,0.473924,0.47378,0.473925,0.473505,0.473157,0.472766,0.472452,0.47208,0.471771,0.471933,0.470953,0.469902,0.469632,0.468322,0.467001,0.466279,0.46516,0.464079,0.462861,0.461895,0.461561,0.460491,0.46,0.45958,0.459676,0.459352,0.459391,0.459123,0.460152,0.460175,0.459937,0.460989,0.46149,0.46355,0.465123,0.468027,0.471012,0.473731,0.476726,0.479273,0.480605,0.481254,0.480449,0.480914,0.481024,0.480909,0.481638,0.482148,0.483691,0.485504,0.487513,0.490711,0.493893,0.497849,0.500725,0.504257,0.503445,0.504509
TK26_S1,0.42919,0.421584,0.418659,0.420047,0.41401,0.410479,0.408306,0.404571,0.403744,0.400498,0.39794,0.393163,0.385842,0.383398,0.378571,0.376556,0.373619,0.371382,0.36923,0.366585,0.364525,0.362338,0.360444,0.358672,0.356589,0.35455,0.352845,0.350892,0.348691,0.346433,0.344473,0.342595,0.340607,0.338726,0.336866,0.334984,0.33311,0.331203,0.329685,0.32789,0.325991,0.324028,0.322581,0.321335,0.319808,0.318148,0.316795,0.315308,0.313938,0.312535,0.311199,0.310149,0.308819,0.307492,0.30647,0.305471,0.304516,0.303775,0.302959,0.302329,0.301891,0.301443,0.301437,0.301664,0.301595,0.301434,0.301708,0.302311,0.302391,0.302842,0.303276,0.304307,0.306035,0.307775,0.309635,0.311048,0.312519,0.313478,0.314094,0.314889,0.315591,0.316717,0.317318,0.317673,0.317347,0.317095,0.317123,0.316844,0.316283,0.315407,0.314055,0.312785,0.310626,0.308457,0.306308,0.304952,0.303703,0.302696,0.301505,0.300323,0.29918,0.298463,0.297582,0.296828,0.296421,0.296038,0.295999,0.295658,0.295343,0.294905,0.294125,0.293534,0.292797,0.29242,0.291901,0.291418,0.291258,0.290894,0.29086,0.291051,0.291153,0.292106,0.292832,0.29337,0.29466,0.296082,0.298521,0.301013,0.303657,0.306654,0.309669,0.312996,0.316018,0.318813,0.322126,0.324954,0.327482,0.330139,0.332021,0.334336,0.336694,0.340287,0.344488,0.350192,0.356728,0.363881,0.372171,0.382806,0.394718,0.407516,0.420773,0.434574,0.448019,0.460698,0.472582,0.482875,0.4913,0.49895,0.504843,0.509974,0.513897,0.516793,0.519225,0.5209,0.521952,0.523013,0.524254,0.525128,0.524878,0.524821,0.524355,0.523011,0.521318,0.519761,0.519562,0.518578,0.517256,0.516501,0.514605,0.512877,0.511432,0.509556,0.507242,0.505079,0.503023,0.50027,0.498422,0.496452,0.494696,0.492727,0.491764,0.490078,0.489207,0.48826,0.487523,0.486129,0.485497,0.484349,0.483416,0.483189,0.482976,0.482287,0.482095,0.481833,0.481406,0.481024,0.480598,0.480455,0.479166,0.478091,0.477753,0.476467,0.474786,0.474093,0.472552,0.471609,0.4709,0.469366,0.469109,0.468226,0.467472,0.466558,0.466845,0.466235,0.46625,0.466133,0.466868,0.466745,0.466945,0.467343,0.46846,0.469999,0.472159,0.475585,0.478533,0.481675,0.485107,0.487024,0.488565,0.488878,0.488701,0.489219,0.488912,0.488637,0.488301,0.488988,0.490907,0.49217,0.494898,0.497607,0.500693,0.504165,0.505814,0.511919,0.512617,0.51393
TK26_S1,0.373074,0.366999,0.370809,0.366756,0.368708,0.356896,0.357853,0.36125,0.345508,0.347111,0.346787,0.340996,0.336001,0.334102,0.329621,0.327665,0.325628,0.324122,0.322385,0.320284,0.318773,0.317247,0.315676,0.314175,0.312492,0.311006,0.309357,0.307804,0.305936,0.303963,0.30229,0.300605,0.298708,0.297186,0.295457,0.294061,0.292293,0.290627,0.289111,0.287272,0.285549,0.283986,0.282693,0.281615,0.280254,0.278768,0.277364,0.276089,0.274887,0.273635,0.272671,0.271708,0.270498,0.269347,0.26857,0.2677,0.266964,0.266262,0.265735,0.265264,0.264812,0.264696,0.264771,0.265266,0.265475,0.265471,0.265965,0.266711,0.267081,0.267884,0.268403,0.269848,0.271816,0.273781,0.276045,0.27781,0.279398,0.280437,0.281435,0.282314,0.283463,0.284442,0.28533,0.285983,0.285964,0.285554,0.285921,0.285584,0.284808,0.284055,0.282685,0.281322,0.279183,0.277134,0.275281,0.273773,0.272188,0.271335,0.270085,0.268969,0.267889,0.267283,0.266543,0.26595,0.265413,0.265031,0.265025,0.264575,0.26453,0.264099,0.263284,0.262835,0.262083,0.261778,0.261367,0.260993,0.261018,0.260598,0.260728,0.261043,0.261353,0.262298,0.263148,0.264062,0.265499,0.267379,0.269768,0.272345,0.275366,0.278881,0.282003,0.285353,0.28859,0.291986,0.295546,0.298516,0.301253,0.30391,0.305903,0.308548,0.31098,0.314806,0.319387,0.324967,0.331993,0.339906,0.348187,0.358699,0.371039,0.384417,0.398378,0.412598,0.426498,0.439469,0.451646,0.461793,0.470465,0.478774,0.485212,0.490116,0.494105,0.497001,0.499331,0.501214,0.502337,0.503334,0.504633,0.505256,0.505605,0.505025,0.504563,0.503401,0.501653,0.500184,0.499844,0.498546,0.497115,0.496114,0.49477,0.49305,0.491426,0.489747,0.487806,0.48577,0.483143,0.480429,0.478901,0.47674,0.474907,0.473132,0.471487,0.470492,0.469391,0.468443,0.467467,0.466489,0.466065,0.465332,0.464307,0.464322,0.463682,0.463255,0.462999,0.462429,0.461996,0.461749,0.460885,0.461311,0.460165,0.459204,0.458567,0.457709,0.456248,0.455421,0.453925,0.452524,0.451266,0.449788,0.449427,0.448719,0.447926,0.447014,0.447524,0.446836,0.446776,0.446018,0.447077,0.446617,0.446747,0.447935,0.448103,0.449771,0.451619,0.454612,0.457329,0.460702,0.463745,0.46626,0.467299,0.467818,0.467426,0.467369,0.467611,0.467039,0.467069,0.46805,0.47091,0.471339,0.474257,0.477358,0.478973,0.482769,0.487692,0.489549,0.491337,0.491653
TK26_S1,0.460224,0.460785,0.465515,0.463132,0.449531,0.449466,0.445522,0.449317,0.439237,0.431838,0.431623,0.432005,0.421873,0.416664,0.412978,0.413528,0.410638,0.409391,0.407727,0.405979,0.404378,0.402612,0.400786,0.399225,0.397303,0.395527,0.393761,0.391904,0.389849,0.38789,0.385952,0.38384,0.382042,0.38023,0.378485,0.376567,0.374643,0.372782,0.371249,0.369139,0.367064,0.365078,0.363867,0.362441,0.360943,0.359359,0.357677,0.356173,0.354669,0.353239,0.352014,0.35091,0.349646,0.348404,0.347272,0.346509,0.345468,0.344506,0.343796,0.343115,0.342538,0.342251,0.342206,0.342577,0.342534,0.342489,0.342749,0.343463,0.343714,0.344226,0.344764,0.346163,0.347731,0.349602,0.351811,0.353442,0.355016,0.356009,0.357091,0.357698,0.358752,0.359957,0.360609,0.361224,0.361103,0.360788,0.361042,0.360428,0.359683,0.358824,0.357492,0.35581,0.353485,0.351021,0.348788,0.347141,0.345564,0.344515,0.343368,0.342066,0.340818,0.339848,0.339082,0.338352,0.337758,0.337613,0.337205,0.33689,0.336633,0.336254,0.335576,0.334854,0.333973,0.333541,0.332989,0.332383,0.33231,0.331683,0.33188,0.332332,0.332465,0.333168,0.334053,0.334925,0.336249,0.338031,0.340492,0.343138,0.346172,0.349529,0.352758,0.356234,0.359521,0.362946,0.366508,0.369806,0.372319,0.375038,0.377092,0.379376,0.381934,0.385869,0.390579,0.396171,0.402845,0.410464,0.418796,0.42921,0.441442,0.45507,0.469141,0.482809,0.497038,0.509989,0.522559,0.532779,0.542136,0.550227,0.557073,0.562103,0.566649,0.569924,0.57211,0.574393,0.575398,0.576137,0.577448,0.578983,0.578894,0.578555,0.578269,0.577195,0.575882,0.574026,0.573474,0.57255,0.571248,0.570784,0.569478,0.567991,0.56609,0.564231,0.562026,0.559764,0.5578,0.555629,0.553267,0.551081,0.549538,0.547682,0.546019,0.544471,0.544155,0.543054,0.542084,0.540767,0.540029,0.539035,0.537939,0.538441,0.537473,0.537272,0.536591,0.536182,0.536271,0.535843,0.53603,0.536008,0.534848,0.533521,0.53279,0.531485,0.529951,0.529292,0.528043,0.527253,0.525875,0.524277,0.52406,0.523143,0.522587,0.521628,0.521978,0.521171,0.521219,0.520476,0.521233,0.521019,0.521156,0.521293,0.522413,0.524466,0.526003,0.52967,0.532694,0.536142,0.539183,0.541327,0.543049,0.543445,0.542706,0.542603,0.543184,0.542968,0.543149,0.543227,0.544876,0.54662,0.549322,0.552436,0.555555,0.559629,0.56117,0.56598,0.565613,0.567949
TK26_S1,0.390155,0.388017,0.378614,0.379753,0.391848,0.37673,0.377923,0.371447,0.364659,0.367006,0.362182,0.360891,0.351519,0.349853,0.344655,0.343256,0.341622,0.340089,0.338178,0.335712,0.333961,0.332298,0.330464,0.328621,0.326662,0.324998,0.323009,0.321117,0.319122,0.317156,0.315053,0.313125,0.311048,0.309333,0.307347,0.305724,0.303671,0.301743,0.30025,0.298289,0.296241,0.294351,0.293027,0.291687,0.289982,0.288549,0.28701,0.285539,0.284134,0.28255,0.281504,0.280526,0.279247,0.277915,0.276918,0.275932,0.27512,0.274009,0.27348,0.272862,0.272343,0.272101,0.27201,0.2723,0.272227,0.271976,0.272471,0.27297,0.273202,0.273857,0.274353,0.27546,0.277061,0.278861,0.280829,0.282401,0.283965,0.284943,0.285716,0.28654,0.28745,0.288334,0.289066,0.289557,0.289406,0.289101,0.289048,0.28877,0.288036,0.287361,0.28583,0.284487,0.282325,0.280199,0.277856,0.276437,0.274852,0.273958,0.272804,0.271725,0.270605,0.269736,0.268865,0.26845,0.267825,0.267348,0.267134,0.266692,0.266527,0.266167,0.265348,0.264706,0.263935,0.263601,0.262958,0.262471,0.262337,0.262046,0.261967,0.262273,0.262417,0.263275,0.26416,0.264923,0.266319,0.268111,0.270279,0.272652,0.275431,0.278667,0.281685,0.284775,0.287964,0.291008,0.294202,0.297175,0.299861,0.302369,0.304478,0.306416,0.308762,0.312425,0.317028,0.322271,0.328932,0.336047,0.344165,0.354118,0.365977,0.378829,0.392028,0.404981,0.418541,0.430892,0.442382,0.45266,0.461136,0.468671,0.474635,0.479719,0.48368,0.486566,0.488822,0.49051,0.491624,0.492597,0.493641,0.494616,0.495168,0.494843,0.494151,0.492791,0.491579,0.490504,0.489848,0.488867,0.487742,0.487095,0.485724,0.483792,0.482394,0.480353,0.478752,0.47641,0.473921,0.47191,0.469962,0.46818,0.466447,0.464544,0.463361,0.461575,0.46087,0.460335,0.458713,0.457757,0.457418,0.456506,0.455821,0.455228,0.454531,0.454434,0.45411,0.453629,0.453428,0.452848,0.452661,0.452849,0.451731,0.450655,0.449993,0.448872,0.447517,0.446789,0.445272,0.444055,0.443156,0.442074,0.441298,0.440156,0.440239,0.439396,0.439356,0.438874,0.438977,0.438539,0.439121,0.439109,0.439239,0.439703,0.440387,0.442301,0.443979,0.447112,0.449742,0.452453,0.455574,0.458289,0.459651,0.460084,0.459361,0.460093,0.460168,0.459683,0.459358,0.459934,0.46214,0.4635,0.465264,0.469027,0.470901,0.475655,0.477244,0.481394,0.482853,0.484475
TK26_S1,0.436051,0.42941,0.421134,0.415249,0.41629,0.414888,0.410409,0.408639,0.39698,0.402334,0.39794,0.393772,0.386222,0.383179,0.378959,0.376722,0.374204,0.371786,0.369267,0.366585,0.364409,0.362123,0.359884,0.357644,0.355712,0.353512,0.351333,0.349144,0.34667,0.344296,0.342141,0.339715,0.337605,0.335478,0.33334,0.331246,0.329275,0.32718,0.325166,0.323131,0.321022,0.319028,0.317474,0.315969,0.314161,0.312297,0.31041,0.309018,0.30731,0.305722,0.304448,0.303192,0.301737,0.300201,0.298864,0.297825,0.296729,0.295841,0.295047,0.294343,0.293696,0.293323,0.293084,0.293275,0.293407,0.293063,0.293356,0.293857,0.293987,0.294682,0.295082,0.296255,0.297663,0.29959,0.301787,0.303208,0.304662,0.305612,0.306428,0.307072,0.308193,0.30897,0.309794,0.310216,0.309971,0.30948,0.309496,0.309067,0.308132,0.307318,0.305818,0.304074,0.301901,0.299529,0.297381,0.29562,0.294224,0.292998,0.291621,0.290329,0.289006,0.288119,0.287235,0.286359,0.285643,0.285474,0.284997,0.284416,0.284368,0.283606,0.28283,0.282135,0.281383,0.280758,0.280261,0.279673,0.279429,0.279064,0.279151,0.279441,0.279436,0.280372,0.281044,0.281692,0.283241,0.28501,0.287429,0.289953,0.292684,0.296182,0.299319,0.302505,0.305746,0.309025,0.312314,0.315644,0.318104,0.321056,0.3231,0.325083,0.327621,0.331442,0.3361,0.34172,0.348157,0.355811,0.364044,0.374523,0.386613,0.400072,0.41363,0.427097,0.440525,0.452467,0.464506,0.474319,0.482852,0.490059,0.496151,0.501036,0.504752,0.507763,0.509823,0.511487,0.512227,0.513026,0.514404,0.514753,0.51499,0.514902,0.514052,0.512211,0.510931,0.509381,0.508885,0.508222,0.506582,0.505549,0.504085,0.502094,0.500574,0.498701,0.496709,0.494225,0.491338,0.489349,0.48737,0.485667,0.483886,0.481972,0.4804,0.47896,0.478243,0.477552,0.476077,0.474622,0.474063,0.473137,0.472501,0.472091,0.471628,0.471359,0.470822,0.470365,0.470033,0.469817,0.469269,0.468949,0.467902,0.466734,0.465881,0.465144,0.463747,0.462851,0.461223,0.459806,0.459091,0.457346,0.456815,0.456246,0.455598,0.455076,0.454962,0.454154,0.454183,0.453628,0.454249,0.454201,0.454556,0.45524,0.456189,0.45749,0.458916,0.461939,0.464615,0.467899,0.471292,0.473781,0.474205,0.474449,0.474169,0.474125,0.474449,0.473693,0.473588,0.474259,0.47545,0.476454,0.47835,0.481524,0.483204,0.487093,0.489963,0.493573,0.495248,0.497728
TK26_S1,0.363607,0.363592,0.369705,0.364627,0.362605,0.354962,0.351364,0.3576,0.346361,0.347922,0.342488,0.340456,0.335324,0.332343,0.326745,0.325145,0.322187,0.32012,0.318032,0.315336,0.313193,0.311332,0.309133,0.307258,0.305534,0.303816,0.301813,0.299924,0.298035,0.295957,0.29426,0.292344,0.290379,0.288569,0.286762,0.285127,0.283346,0.281666,0.280178,0.278302,0.276654,0.274694,0.273699,0.272391,0.270851,0.269457,0.267881,0.266655,0.265527,0.26416,0.263131,0.262325,0.261307,0.259782,0.25904,0.258315,0.257432,0.256715,0.256152,0.255724,0.255274,0.255082,0.25503,0.255358,0.255634,0.255617,0.255993,0.256658,0.257109,0.257963,0.258612,0.259904,0.261599,0.263494,0.265643,0.267341,0.26875,0.269872,0.270695,0.271547,0.272447,0.273765,0.274692,0.275268,0.275092,0.274867,0.27501,0.274744,0.27418,0.273376,0.2722,0.270993,0.269033,0.267006,0.265129,0.263565,0.262368,0.261505,0.2604,0.259444,0.258529,0.257844,0.257138,0.256499,0.25608,0.255731,0.255836,0.255576,0.255371,0.255056,0.254324,0.253828,0.253042,0.252839,0.252426,0.252005,0.252045,0.251816,0.252033,0.252406,0.252646,0.253377,0.254332,0.255078,0.256614,0.258358,0.260831,0.263437,0.266336,0.269649,0.272743,0.275967,0.27899,0.282551,0.28567,0.289002,0.291455,0.294229,0.296652,0.298768,0.301068,0.305001,0.309987,0.315593,0.322004,0.329705,0.338268,0.348661,0.360569,0.374054,0.387447,0.400748,0.414047,0.426653,0.438553,0.448355,0.45671,0.464089,0.469985,0.47518,0.478832,0.481262,0.4834,0.484942,0.486083,0.486608,0.488046,0.488864,0.48886,0.48822,0.48805,0.486367,0.485443,0.484169,0.483426,0.482379,0.481275,0.480204,0.479096,0.477074,0.475831,0.473986,0.472146,0.469629,0.467565,0.465483,0.463651,0.461804,0.460477,0.458688,0.45684,0.45607,0.455205,0.453979,0.452973,0.451981,0.451747,0.450878,0.45007,0.449789,0.449502,0.449397,0.448625,0.448631,0.448435,0.447981,0.44763,0.447498,0.4463,0.445266,0.445,0.443877,0.442835,0.442197,0.441146,0.439559,0.438994,0.437539,0.437147,0.436152,0.435837,0.435637,0.435503,0.435175,0.435333,0.435262,0.435748,0.435429,0.435721,0.436136,0.437494,0.439348,0.440869,0.444405,0.446624,0.449392,0.453009,0.455472,0.45672,0.45736,0.4572,0.458223,0.458327,0.457428,0.458375,0.458503,0.460695,0.462023,0.464038,0.467404,0.469836,0.472531,0.476691,0.480304,0.481583,0.48093
TK26_S1,0.385206,0.385631,0.38087,0.380854,0.371792,0.370684,0.367294,0.365855,0.359351,0.358606,0.357727,0.359198,0.351168,0.347423,0.343462,0.341794,0.338592,0.336103,0.333869,0.331235,0.328875,0.326967,0.324868,0.323141,0.321376,0.319339,0.317325,0.315706,0.313361,0.311328,0.309576,0.307644,0.305646,0.303711,0.30174,0.300254,0.298225,0.296641,0.294928,0.292912,0.291096,0.289404,0.288271,0.286908,0.285324,0.283919,0.28229,0.280972,0.279786,0.278257,0.277196,0.276232,0.274782,0.2734,0.272605,0.27173,0.270751,0.269979,0.269415,0.268886,0.268385,0.267978,0.26785,0.268173,0.268292,0.268217,0.268397,0.269096,0.269558,0.269896,0.27053,0.271814,0.273236,0.275161,0.277057,0.278647,0.280028,0.280708,0.281617,0.282314,0.283357,0.284303,0.285114,0.285749,0.285618,0.285459,0.285449,0.285147,0.284407,0.283581,0.282367,0.281112,0.279124,0.277104,0.275148,0.27364,0.27235,0.271335,0.27022,0.269208,0.26802,0.267326,0.266486,0.266022,0.265499,0.265003,0.264796,0.264446,0.264169,0.26378,0.26305,0.262423,0.261935,0.261525,0.260918,0.260632,0.260413,0.260066,0.260194,0.260536,0.260553,0.26154,0.262155,0.262967,0.264492,0.266095,0.268316,0.270603,0.273529,0.276756,0.279732,0.283148,0.286178,0.289732,0.292717,0.296006,0.298325,0.301095,0.303189,0.305251,0.307386,0.311088,0.315732,0.321205,0.327588,0.334644,0.342482,0.352601,0.363983,0.376609,0.389642,0.40241,0.415567,0.427856,0.4395,0.449207,0.45728,0.464364,0.470358,0.474959,0.478353,0.480745,0.482715,0.483956,0.48489,0.485573,0.486364,0.486964,0.486845,0.486194,0.485599,0.484397,0.483117,0.481903,0.480877,0.480098,0.478813,0.478013,0.476756,0.475011,0.473333,0.471657,0.46999,0.467968,0.465683,0.463374,0.461713,0.459638,0.457965,0.456308,0.454564,0.453774,0.453005,0.452224,0.451319,0.44966,0.449445,0.448404,0.447499,0.447513,0.446969,0.447083,0.446499,0.446154,0.445731,0.445798,0.445347,0.445231,0.44406,0.443137,0.442677,0.441136,0.440157,0.439222,0.437918,0.437214,0.435795,0.434962,0.434874,0.43438,0.433508,0.432936,0.433019,0.432508,0.432938,0.432575,0.433183,0.433099,0.433088,0.433956,0.434895,0.436472,0.437439,0.440784,0.443944,0.446534,0.450273,0.452547,0.453615,0.454456,0.454112,0.455194,0.455791,0.455184,0.455515,0.455814,0.457399,0.459633,0.459976,0.46337,0.466788,0.467886,0.472842,0.476617,0.479052,0.477121
TK26_S1,0.426476,0.434706,0.426126,0.422467,0.424365,0.413782,0.408306,0.408639,0.404718,0.40603,0.408603,0.40302,0.395835,0.392262,0.388372,0.386316,0.384211,0.38232,0.380372,0.377832,0.37606,0.37421,0.372108,0.370504,0.368747,0.366991,0.36509,0.363398,0.361241,0.359169,0.357147,0.355249,0.353351,0.351568,0.349717,0.348102,0.346169,0.344359,0.342681,0.340785,0.338939,0.337188,0.335798,0.334747,0.332999,0.331303,0.329819,0.328418,0.326855,0.325446,0.324285,0.323247,0.32177,0.32026,0.31944,0.318389,0.317404,0.316802,0.316079,0.31546,0.314864,0.314422,0.31426,0.314321,0.31449,0.314226,0.314329,0.314852,0.314907,0.315615,0.316011,0.317157,0.318484,0.320236,0.322167,0.323534,0.324894,0.325876,0.326566,0.327172,0.328044,0.328979,0.329687,0.330158,0.329937,0.329393,0.329386,0.329131,0.328332,0.327441,0.326134,0.324685,0.322368,0.320364,0.318134,0.316617,0.315248,0.314204,0.313055,0.311853,0.310785,0.309848,0.308948,0.308308,0.307723,0.307415,0.307239,0.306628,0.306475,0.305977,0.305368,0.30469,0.303901,0.303418,0.302823,0.302477,0.302335,0.301832,0.301718,0.301982,0.302044,0.302752,0.303479,0.304134,0.305401,0.306852,0.308976,0.311035,0.313613,0.316644,0.31965,0.322727,0.325724,0.328827,0.331888,0.334711,0.336986,0.33956,0.34121,0.343482,0.345706,0.349139,0.353173,0.358698,0.365152,0.372009,0.37933,0.389219,0.400545,0.413108,0.425944,0.439181,0.452378,0.46495,0.476912,0.486608,0.495243,0.503081,0.509442,0.514582,0.518351,0.521486,0.523358,0.525214,0.526442,0.527396,0.52856,0.529475,0.529476,0.52911,0.528972,0.527712,0.526721,0.525296,0.524693,0.523501,0.522382,0.521965,0.520784,0.518919,0.517062,0.515048,0.512902,0.511047,0.509045,0.506435,0.504216,0.502836,0.500996,0.499269,0.49756,0.496531,0.495128,0.494722,0.493488,0.492382,0.491886,0.490992,0.490064,0.48946,0.488763,0.488747,0.488382,0.488045,0.487892,0.487245,0.48728,0.487076,0.486162,0.484812,0.4841,0.48263,0.481194,0.480319,0.478976,0.47791,0.476749,0.475477,0.474871,0.474264,0.473268,0.47279,0.472612,0.471855,0.471383,0.471114,0.472145,0.472663,0.472248,0.472719,0.473311,0.475683,0.476809,0.479764,0.482408,0.484907,0.488749,0.490884,0.491791,0.492238,0.491463,0.491898,0.492413,0.49161,0.49163,0.493265,0.495478,0.496539,0.498307,0.500846,0.503126,0.507021,0.509769,0.512388,0.517552,0.514883
TK26_S1,0.368315,0.354638,0.362057,0.355174,0.3546,0.345416,0.347699,0.345063,0.342115,0.342277,0.336116,0.33138,0.326617,0.323655,0.319805,0.317816,0.316256,0.313951,0.312102,0.310051,0.308419,0.306558,0.304833,0.30329,0.301647,0.300194,0.298409,0.296703,0.294868,0.292916,0.2911,0.289391,0.287705,0.28614,0.28454,0.283036,0.281484,0.279772,0.278335,0.27651,0.274897,0.273233,0.272156,0.270846,0.269515,0.268107,0.266848,0.265512,0.264413,0.263029,0.262252,0.261336,0.260253,0.259072,0.258163,0.257528,0.256592,0.255892,0.255288,0.254903,0.254422,0.254155,0.25417,0.25465,0.254821,0.254846,0.255121,0.255889,0.256113,0.256739,0.25736,0.258637,0.260058,0.26192,0.263977,0.265567,0.266954,0.267807,0.268813,0.269744,0.270725,0.271834,0.27261,0.273233,0.273133,0.273009,0.273127,0.272842,0.272149,0.271378,0.270194,0.268931,0.267,0.264896,0.262785,0.261509,0.26031,0.259447,0.258297,0.257259,0.256227,0.255498,0.25478,0.254205,0.253746,0.253489,0.25346,0.253092,0.252848,0.252502,0.251914,0.251459,0.250717,0.250364,0.249865,0.249607,0.249547,0.249258,0.249332,0.24957,0.249847,0.250745,0.251554,0.252267,0.253417,0.255166,0.257494,0.259874,0.262397,0.265594,0.268454,0.271595,0.274723,0.277823,0.280841,0.283745,0.286359,0.289123,0.290955,0.293275,0.295706,0.299097,0.303726,0.309155,0.31547,0.322537,0.330593,0.340364,0.351999,0.364925,0.378053,0.391501,0.404878,0.417338,0.429337,0.439325,0.447874,0.455157,0.461653,0.466831,0.470639,0.473729,0.476435,0.478374,0.479369,0.480074,0.481325,0.482718,0.482237,0.482171,0.482067,0.480926,0.479702,0.478096,0.477444,0.47689,0.475529,0.475133,0.47369,0.47197,0.470495,0.468525,0.466456,0.464808,0.462375,0.459869,0.458081,0.456064,0.454588,0.452542,0.451264,0.449777,0.449163,0.448205,0.447422,0.446395,0.445841,0.444894,0.444003,0.443628,0.443416,0.443413,0.442561,0.442424,0.441933,0.441672,0.441318,0.441535,0.440509,0.439512,0.439108,0.437493,0.4367,0.435778,0.43413,0.432697,0.431611,0.430592,0.430317,0.429577,0.428886,0.428553,0.42878,0.428266,0.428087,0.428066,0.428717,0.428058,0.428559,0.429358,0.429418,0.431553,0.433528,0.436386,0.439221,0.442553,0.445832,0.448071,0.449063,0.45007,0.449719,0.449807,0.449515,0.449162,0.45,0.45025,0.452043,0.453806,0.455452,0.458238,0.460626,0.464358,0.467402,0.470399,0.473286,0.472768
TK26_S1,0.404064,0.407594,0.406493,0.403478,0.403897,0.393277,0.389822,0.388668,0.380981,0.37992,0.376596,0.375263,0.365069,0.362836,0.358004,0.356239,0.352566,0.349106,0.346891,0.3435,0.34102,0.338864,0.336542,0.334309,0.332058,0.32964,0.327486,0.325215,0.322594,0.320311,0.317798,0.315579,0.313351,0.311172,0.309051,0.307,0.304842,0.302775,0.300913,0.298662,0.296434,0.294595,0.292941,0.291363,0.289713,0.287951,0.286111,0.284586,0.283083,0.281418,0.280198,0.278987,0.277571,0.276043,0.275032,0.274085,0.272916,0.272151,0.271332,0.2707,0.270249,0.269924,0.269836,0.270112,0.27048,0.270499,0.270768,0.271404,0.27178,0.272558,0.273129,0.274654,0.276389,0.278531,0.280859,0.282522,0.284268,0.285354,0.286571,0.28743,0.28856,0.289779,0.29071,0.291433,0.291392,0.291077,0.291178,0.290775,0.290049,0.289154,0.287725,0.286139,0.283708,0.281485,0.279329,0.277596,0.27634,0.275306,0.274027,0.272658,0.271514,0.27073,0.269866,0.269166,0.268713,0.268339,0.268416,0.267965,0.267893,0.267366,0.266729,0.266126,0.265437,0.26504,0.26451,0.264228,0.263964,0.263545,0.263809,0.264109,0.26446,0.265532,0.266409,0.267392,0.269041,0.271143,0.273636,0.276338,0.279639,0.28333,0.287054,0.290536,0.294263,0.298006,0.301629,0.305222,0.308093,0.311258,0.313709,0.315928,0.318714,0.323148,0.328287,0.334527,0.341914,0.350172,0.359501,0.371083,0.384246,0.398683,0.413251,0.427909,0.44269,0.456189,0.469248,0.479489,0.488681,0.49657,0.503667,0.509154,0.513136,0.515882,0.518233,0.520149,0.521232,0.522106,0.523522,0.524094,0.524618,0.524036,0.523716,0.522483,0.520638,0.519496,0.518954,0.518195,0.516988,0.516231,0.515069,0.513342,0.511704,0.509751,0.50771,0.505589,0.503062,0.500309,0.497867,0.496054,0.494135,0.492163,0.490873,0.489303,0.488468,0.487558,0.486814,0.485626,0.48499,0.483796,0.483116,0.482239,0.481975,0.482375,0.481918,0.481565,0.480822,0.480661,0.480278,0.479993,0.47898,0.478279,0.4778,0.476276,0.47493,0.474385,0.472258,0.471262,0.470249,0.469467,0.468803,0.468278,0.467367,0.467511,0.467327,0.466669,0.46636,0.4663,0.467488,0.467316,0.467351,0.468048,0.469056,0.47152,0.473332,0.476468,0.479306,0.483717,0.486857,0.489432,0.490947,0.491736,0.491609,0.492272,0.491955,0.492003,0.491548,0.492492,0.494377,0.49634,0.498528,0.502224,0.504853,0.509217,0.511761,0.517104,0.518656,0.518397
TK26_S1,0.354342,0.351327,0.354542,0.34694,0.34967,0.344473,0.336886,0.341546,0.330445,0.328864,0.327764,0.323008,0.322657,0.317769,0.312863,0.310823,0.308388,0.305936,0.303545,0.300989,0.299025,0.297118,0.295327,0.293495,0.291679,0.289644,0.287886,0.286031,0.284093,0.282273,0.280427,0.278639,0.276921,0.275089,0.273267,0.271737,0.269871,0.26836,0.266923,0.265202,0.263587,0.261835,0.260749,0.259418,0.258111,0.25668,0.255332,0.254086,0.253086,0.251502,0.250609,0.249755,0.248748,0.247339,0.2465,0.245803,0.24491,0.244217,0.243543,0.242963,0.242506,0.242281,0.242354,0.242573,0.242629,0.242566,0.242703,0.243241,0.24352,0.244039,0.244382,0.245513,0.246878,0.248359,0.250074,0.251463,0.252722,0.253492,0.254355,0.255011,0.255821,0.256615,0.257089,0.257676,0.257697,0.257419,0.257355,0.257141,0.256648,0.255719,0.254605,0.253644,0.251819,0.250059,0.248261,0.247049,0.245989,0.245237,0.244343,0.243372,0.24242,0.241658,0.241031,0.240387,0.240056,0.239925,0.239718,0.239268,0.239178,0.239049,0.238497,0.237937,0.237332,0.237053,0.236687,0.236343,0.236378,0.236087,0.236188,0.236443,0.236569,0.237409,0.238334,0.239096,0.240249,0.241877,0.243898,0.246106,0.248454,0.251397,0.254294,0.257016,0.259785,0.262792,0.265665,0.268537,0.270692,0.273066,0.274927,0.276936,0.278591,0.282022,0.286375,0.291522,0.297396,0.304038,0.311552,0.321058,0.331884,0.344117,0.356094,0.368169,0.380253,0.391564,0.402094,0.411122,0.418924,0.425363,0.430998,0.435355,0.438634,0.441077,0.442926,0.444386,0.445578,0.445993,0.446834,0.447688,0.447903,0.447641,0.446985,0.445832,0.444507,0.443599,0.443565,0.442371,0.441144,0.44078,0.440053,0.438093,0.436604,0.434927,0.433272,0.431554,0.429671,0.427094,0.425511,0.423675,0.422161,0.420142,0.418961,0.417882,0.417492,0.417189,0.4162,0.415091,0.414504,0.413759,0.413086,0.412779,0.412312,0.412533,0.412054,0.411737,0.411729,0.411626,0.411455,0.410873,0.409671,0.408862,0.408564,0.407484,0.406354,0.40582,0.404583,0.403812,0.402974,0.40187,0.401652,0.400807,0.400032,0.399777,0.400396,0.400094,0.400206,0.399703,0.400517,0.400108,0.400189,0.401084,0.401539,0.403156,0.404446,0.407649,0.409982,0.412734,0.416303,0.418376,0.419478,0.420428,0.420401,0.4204,0.420657,0.419978,0.42065,0.420464,0.421692,0.423505,0.425222,0.429191,0.430454,0.43412,0.434446,0.438397,0.441137,0.440501
TK26_S1,0.418433,0.397695,0.4041,0.400009,0.394014,0.386998,0.382841,0.387693,0.381906,0.383429,0.378917,0.381741,0.37422,0.369583,0.36446,0.361994,0.358792,0.355454,0.352573,0.349672,0.347138,0.344911,0.342414,0.340356,0.338159,0.336122,0.33404,0.331891,0.329603,0.327202,0.32513,0.322946,0.32096,0.318821,0.316775,0.314794,0.312791,0.310912,0.309208,0.306889,0.305066,0.303102,0.301573,0.300308,0.298643,0.296824,0.295104,0.29373,0.292118,0.29064,0.289473,0.288097,0.286791,0.285423,0.284299,0.283426,0.282436,0.281505,0.28087,0.280324,0.27975,0.279317,0.279387,0.279846,0.279945,0.279901,0.28029,0.280778,0.281211,0.282013,0.282739,0.284137,0.285895,0.287991,0.290174,0.29207,0.293849,0.294906,0.295917,0.296826,0.297863,0.298871,0.299682,0.300457,0.300225,0.300018,0.300094,0.29934,0.29863,0.29773,0.296435,0.294913,0.292701,0.290291,0.288147,0.286378,0.284916,0.283893,0.282573,0.281419,0.280187,0.279235,0.278588,0.277729,0.277344,0.2768,0.27676,0.276385,0.276164,0.275805,0.27514,0.27426,0.27345,0.273195,0.272706,0.272083,0.271977,0.271711,0.27171,0.272101,0.272238,0.27323,0.274119,0.275157,0.276761,0.278559,0.281084,0.283705,0.286823,0.290463,0.293814,0.297282,0.300851,0.304057,0.307575,0.311015,0.313988,0.316788,0.319075,0.321406,0.323868,0.328106,0.333017,0.338982,0.346095,0.353976,0.362798,0.374155,0.386689,0.400887,0.415228,0.429509,0.443704,0.456668,0.469863,0.480373,0.489197,0.497395,0.504036,0.509427,0.513205,0.516583,0.518622,0.520399,0.52188,0.523159,0.524327,0.524796,0.525511,0.525308,0.525184,0.523501,0.522189,0.520939,0.519715,0.51896,0.517677,0.51704,0.515455,0.513342,0.511898,0.510102,0.507828,0.505393,0.503101,0.500744,0.4987,0.496851,0.494897,0.49309,0.491197,0.490282,0.489084,0.488095,0.486648,0.48571,0.484736,0.483881,0.483073,0.482412,0.482149,0.481629,0.481299,0.481029,0.480552,0.480344,0.479867,0.479439,0.478282,0.477434,0.476948,0.475703,0.473919,0.473024,0.471768,0.470568,0.468851,0.467549,0.46763,0.466524,0.465488,0.465238,0.465348,0.46472,0.465099,0.464411,0.464617,0.464866,0.465731,0.465702,0.466263,0.467939,0.469882,0.472696,0.475905,0.478924,0.482362,0.484289,0.486475,0.486747,0.486245,0.486408,0.48755,0.485916,0.485961,0.48585,0.487374,0.48902,0.49119,0.49353,0.495865,0.499834,0.501894,0.504257,0.506391,0.509508
TK26_S10,0.380937,0.381808,0.361538,0.373245,0.370666,0.382745,0.370082,0.358325,0.36204,0.353559,0.352018,0.35939,0.349459,0.348976,0.347473,0.344845,0.342469,0.339557,0.337421,0.335575,0.333851,0.332208,0.330291,0.32889,0.327129,0.325474,0.3241,0.32227,0.320379,0.31852,0.31664,0.314998,0.313326,0.311893,0.310363,0.308607,0.307012,0.305693,0.304654,0.302653,0.301257,0.299457,0.297875,0.296584,0.295687,0.294373,0.293093,0.292267,0.290728,0.289473,0.288548,0.287627,0.286369,0.285634,0.284793,0.283883,0.282799,0.282235,0.281735,0.281336,0.281491,0.281541,0.28135,0.281766,0.282473,0.28282,0.283218,0.283715,0.284481,0.285209,0.286286,0.287286,0.289113,0.291675,0.294178,0.296029,0.29745,0.298791,0.299911,0.300826,0.302027,0.303606,0.304329,0.304541,0.304727,0.304571,0.304536,0.304415,0.303496,0.302744,0.301412,0.29994,0.298261,0.296141,0.294011,0.292088,0.290543,0.289313,0.288439,0.287597,0.286123,0.285285,0.284641,0.284179,0.283719,0.28343,0.28309,0.283215,0.28261,0.282271,0.281782,0.281308,0.280511,0.280003,0.279932,0.279424,0.279385,0.27927,0.279205,0.279412,0.280213,0.280755,0.281253,0.282404,0.283878,0.286237,0.288981,0.291867,0.294763,0.297929,0.301309,0.305018,0.308633,0.312156,0.315903,0.319454,0.322307,0.325486,0.327987,0.330053,0.333145,0.337228,0.342571,0.348505,0.356299,0.365631,0.375113,0.387057,0.400676,0.41556,0.431062,0.447079,0.462089,0.476404,0.489354,0.501002,0.510623,0.518839,0.525751,0.531433,0.536224,0.54001,0.542318,0.544101,0.544962,0.54685,0.547507,0.547844,0.547823,0.547736,0.546829,0.546151,0.544921,0.543522,0.5424,0.540798,0.539999,0.538725,0.537551,0.535209,0.532989,0.531214,0.528997,0.526698,0.52365,0.521893,0.519376,0.517409,0.515468,0.5132,0.512529,0.510816,0.509271,0.507577,0.506887,0.506211,0.504948,0.504637,0.50406,0.502617,0.502699,0.50355,0.503195,0.502285,0.501211,0.501019,0.500662,0.499687,0.499412,0.498253,0.497749,0.496849,0.495997,0.493865,0.492084,0.491136,0.490183,0.489335,0.487561,0.487386,0.486219,0.485561,0.485894,0.485086,0.484673,0.484151,0.484708,0.483912,0.484891,0.484281,0.485255,0.487446,0.489693,0.494327,0.496657,0.499685,0.503135,0.504617,0.506089,0.507357,0.508475,0.507711,0.50748,0.506632,0.507612,0.508485,0.509322,0.511131,0.515214,0.517253,0.518095,0.522632,0.526089,0.52706,0.527631,0.532442
TK26_S10,0.398717,0.397691,0.382782,0.396787,0.381285,0.403199,0.38818,0.380211,0.378499,0.37215,0.370179,0.375599,0.372293,0.370815,0.368354,0.366532,0.364103,0.361872,0.359464,0.35748,0.355757,0.354149,0.352285,0.350851,0.349161,0.347491,0.346071,0.344199,0.342477,0.340629,0.338779,0.337051,0.335466,0.333853,0.332467,0.330605,0.328983,0.327567,0.326276,0.324432,0.32296,0.321351,0.319613,0.318427,0.317501,0.316201,0.314966,0.313851,0.312228,0.311052,0.310278,0.30918,0.307796,0.307032,0.306201,0.305398,0.304133,0.30369,0.30341,0.302796,0.302818,0.30311,0.30277,0.303005,0.303997,0.304448,0.304966,0.305421,0.306074,0.306578,0.307782,0.30871,0.310486,0.312964,0.315718,0.31758,0.319065,0.320544,0.321653,0.322809,0.324069,0.325651,0.326236,0.326366,0.326602,0.32659,0.326488,0.326219,0.325312,0.324296,0.323223,0.32159,0.319848,0.317789,0.31575,0.31382,0.312358,0.310989,0.310009,0.30931,0.307628,0.306703,0.306174,0.305574,0.305391,0.304875,0.304686,0.304631,0.304194,0.303906,0.303372,0.302975,0.302063,0.301643,0.301233,0.300809,0.301013,0.300738,0.300711,0.301047,0.30156,0.302269,0.302816,0.304181,0.305548,0.307776,0.310435,0.31341,0.316359,0.319073,0.322677,0.326275,0.329969,0.333329,0.337004,0.340717,0.343378,0.346667,0.349068,0.350831,0.353802,0.35818,0.363191,0.368933,0.376236,0.38521,0.394495,0.406444,0.419532,0.433995,0.449554,0.465116,0.480004,0.494679,0.507634,0.519338,0.52944,0.538437,0.545466,0.551537,0.5569,0.561373,0.563678,0.565345,0.566835,0.568864,0.570489,0.570785,0.571177,0.571444,0.57133,0.570456,0.569076,0.56802,0.567004,0.565796,0.565169,0.563389,0.562505,0.560351,0.558789,0.556555,0.55465,0.552393,0.549198,0.547439,0.544943,0.542685,0.541351,0.538664,0.538208,0.536461,0.534919,0.533333,0.532566,0.531761,0.530562,0.530478,0.52986,0.528699,0.528005,0.529488,0.528853,0.528043,0.527111,0.526777,0.52604,0.525422,0.524838,0.523994,0.523284,0.522458,0.522365,0.520008,0.518334,0.517528,0.516535,0.515113,0.513959,0.513128,0.512085,0.511851,0.51131,0.51076,0.51077,0.510241,0.510086,0.509588,0.510587,0.510292,0.511153,0.513649,0.516055,0.520191,0.523516,0.526349,0.529757,0.530735,0.532544,0.532248,0.534088,0.532745,0.532825,0.531681,0.532659,0.534387,0.534938,0.537,0.540278,0.541597,0.541843,0.546377,0.551341,0.550134,0.552203,0.559713
TK26_S10,0.411879,0.397691,0.395573,0.39794,0.39549,0.404303,0.399623,0.383149,0.38602,0.380871,0.384317,0.384873,0.375766,0.376678,0.374471,0.37217,0.369669,0.367543,0.365239,0.363657,0.361972,0.360368,0.35843,0.357027,0.355576,0.354042,0.352466,0.350836,0.349114,0.347272,0.345339,0.343716,0.342152,0.340521,0.339328,0.337505,0.335881,0.33463,0.333458,0.331443,0.330138,0.328586,0.327057,0.325726,0.324916,0.323444,0.322333,0.321441,0.319893,0.318783,0.317949,0.316988,0.315777,0.314958,0.314227,0.313114,0.311999,0.311519,0.311108,0.310726,0.310725,0.31095,0.310553,0.310878,0.311636,0.312079,0.312691,0.313062,0.313715,0.314537,0.315482,0.316588,0.318239,0.320672,0.323295,0.324986,0.326316,0.327757,0.328779,0.329712,0.330821,0.33239,0.333098,0.333504,0.333725,0.333593,0.333577,0.333103,0.332261,0.331525,0.330222,0.328611,0.327038,0.32494,0.322946,0.320946,0.319271,0.318223,0.317232,0.316259,0.314778,0.314188,0.313232,0.312777,0.312433,0.31213,0.311846,0.311774,0.311203,0.310914,0.310401,0.310085,0.309174,0.308744,0.30832,0.307867,0.307953,0.307834,0.307779,0.308041,0.308497,0.309104,0.309606,0.310696,0.312157,0.314592,0.317162,0.319864,0.322817,0.32544,0.329079,0.332525,0.336183,0.339555,0.343155,0.34694,0.349203,0.352726,0.354755,0.356478,0.359643,0.363977,0.368936,0.374638,0.382292,0.391266,0.400741,0.412602,0.425626,0.439847,0.455298,0.470866,0.485588,0.499759,0.512344,0.523465,0.533413,0.542097,0.54858,0.55417,0.55898,0.56217,0.564605,0.566036,0.566999,0.568616,0.569696,0.569649,0.570201,0.569738,0.569699,0.568776,0.567133,0.565982,0.564874,0.563092,0.562236,0.560666,0.55902,0.557519,0.555153,0.553134,0.551309,0.548584,0.545837,0.544331,0.541191,0.538693,0.537285,0.534817,0.534511,0.532697,0.531128,0.529245,0.528777,0.528038,0.526385,0.526602,0.525566,0.524771,0.524397,0.525031,0.524771,0.523676,0.522456,0.522077,0.521723,0.521165,0.52039,0.519242,0.518869,0.518057,0.517529,0.514488,0.513155,0.51212,0.510797,0.509891,0.508399,0.507449,0.506634,0.505856,0.505191,0.505722,0.505548,0.504571,0.504865,0.503792,0.504881,0.504515,0.505768,0.507408,0.509227,0.513279,0.516319,0.519436,0.522532,0.523769,0.525602,0.525672,0.527278,0.525977,0.526157,0.525021,0.525741,0.527861,0.528618,0.53025,0.533905,0.535519,0.534925,0.539722,0.544347,0.543742,0.547712,0.551595
TK26_S10,0.398717,0.405222,0.390878,0.399097,0.391069,0.392314,0.389208,0.378264,0.380367,0.373015,0.378764,0.384873,0.374991,0.375998,0.371269,0.369598,0.365234,0.362281,0.359129,0.357286,0.355088,0.353229,0.351107,0.34969,0.347846,0.346164,0.344931,0.343058,0.341508,0.339395,0.337521,0.335894,0.334178,0.332621,0.33127,0.329422,0.327871,0.326643,0.325457,0.323602,0.322177,0.320459,0.318881,0.317424,0.316544,0.315075,0.313911,0.312878,0.311373,0.309949,0.309288,0.308168,0.306892,0.306087,0.305363,0.304283,0.303124,0.302569,0.302129,0.301774,0.301712,0.302146,0.30162,0.301731,0.302548,0.302914,0.303397,0.303839,0.304615,0.305288,0.306327,0.307766,0.309193,0.311436,0.314432,0.316322,0.317818,0.319359,0.320275,0.321373,0.322574,0.324403,0.324926,0.325118,0.325079,0.324901,0.32491,0.324633,0.323692,0.322916,0.321567,0.320034,0.318303,0.316253,0.313957,0.311911,0.310564,0.309199,0.308222,0.307226,0.305924,0.304949,0.304383,0.303811,0.303437,0.302997,0.302593,0.302463,0.302179,0.301894,0.301235,0.300857,0.299917,0.299463,0.299042,0.298538,0.29856,0.298188,0.298169,0.298505,0.298909,0.299586,0.299983,0.301521,0.302837,0.305093,0.307827,0.310916,0.313641,0.316637,0.319999,0.32346,0.327285,0.330528,0.334409,0.337743,0.340662,0.343997,0.346041,0.348248,0.351251,0.355242,0.360358,0.366573,0.374124,0.383327,0.392664,0.404482,0.418223,0.432689,0.448534,0.464742,0.479263,0.493777,0.506636,0.518313,0.527955,0.536841,0.543503,0.549303,0.55413,0.55816,0.56063,0.562349,0.563817,0.56524,0.566166,0.566466,0.566699,0.566767,0.566114,0.565263,0.564042,0.562794,0.561333,0.560015,0.559236,0.55783,0.556436,0.554398,0.552468,0.550531,0.548303,0.546136,0.543167,0.5412,0.538811,0.53644,0.534972,0.532089,0.53185,0.529699,0.527878,0.526354,0.526096,0.525243,0.523434,0.522998,0.522855,0.521557,0.520819,0.521755,0.521672,0.520204,0.519364,0.519516,0.518989,0.517623,0.516927,0.515541,0.51588,0.514235,0.514046,0.511481,0.509516,0.508774,0.507255,0.506538,0.505189,0.504377,0.503232,0.502772,0.502134,0.50183,0.501978,0.500955,0.500959,0.500542,0.50086,0.500313,0.502171,0.503882,0.505441,0.509408,0.512515,0.515618,0.518851,0.520175,0.521861,0.522341,0.523548,0.522508,0.522105,0.521471,0.521338,0.523595,0.52459,0.526097,0.529668,0.531967,0.530888,0.53716,0.539603,0.540454,0.540329,0.549502
TK26_S10,0.394845,0.387848,0.382782,0.386541,0.37914,0.388035,0.384093,0.373433,0.36474,0.366148,0.364041,0.367719,0.362789,0.363046,0.358691,0.356962,0.354109,0.351502,0.348793,0.347019,0.345035,0.343555,0.341274,0.33996,0.337888,0.336241,0.334913,0.333009,0.331169,0.329075,0.327194,0.325679,0.323931,0.322174,0.320839,0.318997,0.3175,0.315955,0.314893,0.313029,0.311293,0.309683,0.308105,0.306915,0.306062,0.30468,0.303325,0.302373,0.300851,0.29959,0.298661,0.297562,0.296322,0.295465,0.294411,0.293516,0.292374,0.291753,0.29137,0.290976,0.290849,0.291172,0.290782,0.290933,0.291681,0.292247,0.292719,0.293279,0.293923,0.294648,0.295635,0.296583,0.29823,0.300642,0.303316,0.304946,0.306062,0.307553,0.308467,0.309374,0.31059,0.312125,0.312831,0.313202,0.313266,0.313,0.313077,0.312804,0.31201,0.311294,0.310002,0.308323,0.306598,0.304577,0.302447,0.300522,0.29887,0.297555,0.296486,0.295525,0.293926,0.293204,0.292455,0.291842,0.29144,0.291204,0.290883,0.290702,0.290332,0.289887,0.289168,0.288968,0.288002,0.287683,0.28725,0.286847,0.286795,0.286619,0.286462,0.286818,0.287252,0.287898,0.288492,0.289725,0.291263,0.293588,0.296045,0.299101,0.301884,0.30464,0.308169,0.311766,0.315363,0.319054,0.322453,0.326067,0.328866,0.332199,0.334757,0.3368,0.339417,0.343685,0.348919,0.354875,0.362292,0.371685,0.381211,0.393232,0.406321,0.421308,0.436886,0.452412,0.466851,0.480885,0.493636,0.504855,0.514041,0.522588,0.528617,0.534169,0.538506,0.541681,0.543738,0.545031,0.545703,0.54685,0.547824,0.547804,0.547823,0.546887,0.546382,0.545621,0.54394,0.542456,0.540634,0.539437,0.538427,0.537063,0.535507,0.53337,0.531105,0.528864,0.527483,0.524793,0.521577,0.520064,0.517241,0.515264,0.513655,0.511208,0.510608,0.508797,0.506841,0.505712,0.505052,0.504272,0.502816,0.502623,0.501801,0.500578,0.500411,0.500384,0.50072,0.499839,0.498651,0.498531,0.497861,0.496661,0.495713,0.494826,0.494901,0.493924,0.493508,0.49105,0.48956,0.488371,0.487339,0.486299,0.4851,0.484783,0.483085,0.483068,0.482398,0.482473,0.481972,0.481472,0.481997,0.481778,0.482038,0.48152,0.483218,0.484982,0.487255,0.490285,0.493636,0.496596,0.499973,0.501834,0.503329,0.503634,0.504671,0.503518,0.503516,0.502649,0.503388,0.505127,0.505852,0.507886,0.509771,0.512283,0.511986,0.515112,0.519897,0.519553,0.521138,0.528446
TK26_S10,0.403934,0.402697,0.389712,0.39794,0.39217,0.408746,0.385111,0.382168,0.375712,0.381753,0.380343,0.38738,0.380048,0.380784,0.377292,0.375363,0.372873,0.370916,0.368536,0.366811,0.364994,0.363677,0.361509,0.3604,0.358795,0.357368,0.356166,0.354605,0.353092,0.35132,0.34976,0.348101,0.346824,0.345369,0.344061,0.342593,0.340963,0.340065,0.338788,0.337135,0.335777,0.334297,0.333078,0.331862,0.331071,0.329852,0.32868,0.327774,0.326376,0.325136,0.324256,0.323469,0.322258,0.321586,0.320732,0.319882,0.318861,0.31833,0.317954,0.317576,0.317428,0.317444,0.316963,0.317028,0.317687,0.317948,0.318292,0.318616,0.319089,0.31939,0.320312,0.32122,0.322569,0.324449,0.326559,0.328177,0.329071,0.330246,0.331019,0.331717,0.332837,0.334282,0.334558,0.334723,0.334772,0.334463,0.334427,0.334377,0.33322,0.332809,0.331545,0.330181,0.328631,0.326832,0.324878,0.323251,0.32168,0.320598,0.319695,0.319008,0.317557,0.316756,0.316189,0.315676,0.31538,0.314904,0.314743,0.314585,0.314192,0.314007,0.313326,0.313063,0.312083,0.311813,0.311405,0.310813,0.310932,0.310688,0.310571,0.310977,0.311189,0.311686,0.312001,0.313016,0.314038,0.316253,0.318447,0.32081,0.323116,0.325554,0.328541,0.331571,0.334591,0.337483,0.340813,0.343754,0.345775,0.348585,0.350621,0.352397,0.35484,0.35795,0.362268,0.367623,0.374124,0.382027,0.390124,0.400398,0.41171,0.42431,0.437528,0.451261,0.464013,0.476757,0.487772,0.497419,0.505923,0.513679,0.519397,0.524124,0.528272,0.531527,0.533482,0.535105,0.536062,0.537247,0.538062,0.538471,0.538507,0.538287,0.537817,0.537902,0.535687,0.534902,0.533396,0.532937,0.532113,0.530274,0.529186,0.527567,0.525997,0.52445,0.522721,0.520588,0.517753,0.516134,0.513677,0.511727,0.510608,0.508067,0.507571,0.50596,0.504643,0.50337,0.503225,0.502341,0.50101,0.500937,0.500195,0.499055,0.498645,0.499726,0.499488,0.498359,0.497593,0.497073,0.496492,0.496019,0.495514,0.494174,0.493686,0.492546,0.492269,0.490219,0.488931,0.488477,0.487286,0.486245,0.485318,0.484617,0.483755,0.482673,0.482969,0.482299,0.482089,0.481294,0.481637,0.481353,0.481791,0.481145,0.482076,0.48382,0.485418,0.489214,0.492269,0.494293,0.49726,0.498489,0.499922,0.500468,0.501437,0.500693,0.500308,0.500096,0.500311,0.502963,0.503267,0.504147,0.507018,0.508529,0.509625,0.513209,0.51663,0.517637,0.516678,0.521865
TK26_S10,0.359096,0.356185,0.342328,0.358231,0.34818,0.352291,0.347068,0.33749,0.339315,0.330993,0.334586,0.342629,0.332651,0.333494,0.330444,0.328524,0.326037,0.323168,0.320748,0.319014,0.317237,0.315465,0.313557,0.312105,0.310519,0.308934,0.307427,0.305925,0.304004,0.302061,0.300473,0.298883,0.297414,0.295953,0.294604,0.292975,0.291301,0.290179,0.28917,0.287344,0.285967,0.284363,0.282847,0.281645,0.280906,0.279582,0.278429,0.277479,0.276084,0.274813,0.274051,0.273285,0.271878,0.271163,0.270306,0.269384,0.268295,0.26771,0.267439,0.267032,0.267017,0.267212,0.266847,0.267079,0.267788,0.268014,0.268384,0.268817,0.269524,0.27005,0.271036,0.272064,0.273518,0.275621,0.278298,0.279911,0.281015,0.28237,0.2831,0.283908,0.285046,0.286418,0.287024,0.287206,0.287488,0.287212,0.287275,0.286722,0.285947,0.285249,0.284225,0.282668,0.281236,0.279254,0.277432,0.275591,0.274262,0.2731,0.272173,0.271328,0.269856,0.269114,0.268642,0.268185,0.267778,0.267429,0.267199,0.267127,0.266848,0.266705,0.26589,0.265712,0.264681,0.264191,0.263856,0.263542,0.263522,0.263279,0.263273,0.263583,0.264007,0.264465,0.265095,0.266128,0.267517,0.269691,0.272124,0.274752,0.277479,0.28001,0.283114,0.286485,0.289852,0.293008,0.29632,0.299584,0.302191,0.304865,0.306975,0.308861,0.3116,0.315254,0.319969,0.325632,0.332513,0.340925,0.350003,0.360986,0.373205,0.386865,0.401389,0.415997,0.429454,0.442665,0.454313,0.465124,0.473895,0.481721,0.487493,0.492436,0.496722,0.500025,0.502304,0.503335,0.50448,0.506198,0.506626,0.506902,0.506804,0.50645,0.506188,0.504974,0.503752,0.502783,0.501079,0.499676,0.499089,0.497722,0.496299,0.494484,0.492479,0.490706,0.488963,0.486561,0.483957,0.482279,0.479601,0.477618,0.476646,0.474216,0.473881,0.472317,0.470464,0.469188,0.468374,0.467617,0.466463,0.465958,0.465563,0.464743,0.464361,0.46466,0.464758,0.463568,0.462447,0.462322,0.461602,0.460995,0.460637,0.459554,0.45962,0.457921,0.457792,0.455154,0.454133,0.453254,0.452219,0.45108,0.45012,0.449588,0.448061,0.447247,0.447478,0.446967,0.447224,0.446806,0.446889,0.446353,0.446393,0.446556,0.44786,0.449067,0.4512,0.454642,0.458048,0.460238,0.463391,0.464837,0.466223,0.467222,0.468147,0.467281,0.466789,0.465922,0.466565,0.467565,0.468079,0.470054,0.473895,0.475167,0.475667,0.479191,0.48204,0.480765,0.485386,0.489168
TK26_S10,0.410544,0.405222,0.40032,0.392203,0.387783,0.394469,0.395427,0.381188,0.379432,0.381753,0.379553,0.38052,0.375378,0.375998,0.371801,0.370796,0.367326,0.364607,0.362117,0.359973,0.358033,0.356593,0.354341,0.352883,0.351225,0.349383,0.347741,0.34604,0.344132,0.341976,0.340083,0.338443,0.336841,0.335088,0.333851,0.331992,0.330219,0.329046,0.327742,0.325903,0.324264,0.32251,0.32091,0.319564,0.318793,0.317111,0.315862,0.314932,0.313435,0.312141,0.311253,0.310128,0.308836,0.307963,0.307174,0.306252,0.304966,0.304602,0.30406,0.303657,0.303601,0.303683,0.303346,0.303386,0.304097,0.304298,0.304916,0.305287,0.305742,0.306263,0.307335,0.308462,0.309657,0.312233,0.314649,0.31649,0.317683,0.318988,0.319834,0.320708,0.321888,0.323365,0.323828,0.324153,0.324142,0.323909,0.323797,0.323457,0.32239,0.321867,0.320529,0.319022,0.317149,0.315238,0.313278,0.311216,0.30967,0.308548,0.307398,0.306455,0.305189,0.30429,0.303507,0.302917,0.302527,0.302372,0.302015,0.301883,0.301418,0.301177,0.30071,0.300395,0.299386,0.298795,0.298538,0.297997,0.29805,0.297864,0.297656,0.298057,0.298322,0.298857,0.299425,0.300697,0.301937,0.304167,0.306878,0.309648,0.312307,0.31499,0.318311,0.321479,0.325026,0.328498,0.332032,0.335329,0.337983,0.340965,0.34314,0.345194,0.347995,0.351733,0.356906,0.362677,0.370096,0.378891,0.387802,0.399364,0.41245,0.426475,0.44152,0.456677,0.471065,0.48502,0.497253,0.508569,0.517805,0.526442,0.532236,0.537633,0.542313,0.545963,0.548143,0.549746,0.550368,0.552071,0.553009,0.553274,0.553209,0.55303,0.552311,0.551615,0.549902,0.548811,0.547327,0.546202,0.545127,0.543454,0.541752,0.53997,0.538096,0.535953,0.533957,0.531605,0.528898,0.526952,0.524327,0.522165,0.520864,0.517911,0.517899,0.515905,0.514129,0.512589,0.51203,0.511257,0.509565,0.509387,0.508986,0.507616,0.507171,0.507695,0.507898,0.50683,0.50574,0.505743,0.504823,0.504341,0.503396,0.502575,0.502108,0.50104,0.500702,0.498071,0.49675,0.496288,0.494402,0.4936,0.492082,0.491347,0.490567,0.489901,0.489419,0.488947,0.48846,0.488231,0.488592,0.487841,0.488327,0.487441,0.489487,0.491104,0.492545,0.496634,0.499422,0.50223,0.505812,0.507048,0.508942,0.509576,0.509959,0.509464,0.508374,0.508219,0.509347,0.510769,0.511068,0.51271,0.515097,0.517911,0.517496,0.522808,0.525466,0.525353,0.527631,0.533447
TK26_S10,0.374759,0.365329,0.357195,0.365673,0.359277,0.363211,0.356509,0.349143,0.349656,0.346177,0.343214,0.351218,0.342586,0.341166,0.338998,0.336846,0.333731,0.331052,0.328727,0.326975,0.32503,0.323592,0.321652,0.319863,0.318365,0.316723,0.315375,0.313875,0.311981,0.309929,0.308063,0.306355,0.304967,0.303533,0.302061,0.300271,0.298677,0.297462,0.296469,0.294606,0.293196,0.291446,0.29005,0.288711,0.288044,0.286558,0.285515,0.284471,0.282985,0.281726,0.280832,0.279899,0.278593,0.277849,0.277135,0.276128,0.27512,0.274623,0.274141,0.273859,0.273835,0.274042,0.273622,0.27398,0.27467,0.275073,0.275542,0.276132,0.276791,0.277471,0.27854,0.279593,0.281052,0.283527,0.285884,0.287432,0.288722,0.290013,0.291059,0.291966,0.293117,0.294587,0.295289,0.295558,0.295856,0.295821,0.295927,0.295495,0.294706,0.293989,0.292877,0.291226,0.28972,0.287772,0.285767,0.283955,0.282388,0.281177,0.280143,0.279151,0.277722,0.276996,0.276485,0.275988,0.275713,0.27528,0.274981,0.274869,0.274505,0.274296,0.273671,0.273332,0.272431,0.271876,0.271693,0.271125,0.27127,0.271064,0.270893,0.271223,0.27158,0.272158,0.27282,0.274,0.275272,0.277601,0.280092,0.282927,0.285726,0.28846,0.291975,0.295411,0.299049,0.30229,0.30581,0.309621,0.312025,0.3153,0.317848,0.319766,0.322444,0.326541,0.331907,0.337778,0.345049,0.353768,0.363001,0.374538,0.387656,0.401852,0.417071,0.431982,0.446076,0.459886,0.472099,0.482953,0.491655,0.500122,0.50627,0.511022,0.515454,0.518456,0.520172,0.521309,0.522066,0.52321,0.523951,0.52374,0.523449,0.522573,0.522137,0.520933,0.518905,0.5175,0.515774,0.514858,0.513977,0.512673,0.511347,0.509465,0.507171,0.505204,0.503105,0.501116,0.49824,0.496277,0.493493,0.49133,0.490061,0.487425,0.48655,0.484774,0.48338,0.482086,0.481118,0.480672,0.47943,0.47925,0.47879,0.477574,0.477151,0.477821,0.477841,0.476879,0.475764,0.476011,0.475056,0.47464,0.47378,0.472519,0.472427,0.471257,0.471335,0.46896,0.467281,0.466307,0.46544,0.464693,0.463298,0.462559,0.461383,0.461255,0.460687,0.460625,0.460613,0.459879,0.460559,0.460132,0.46022,0.460635,0.46166,0.463411,0.46584,0.468831,0.472535,0.475563,0.479073,0.480537,0.482356,0.482373,0.483773,0.482464,0.482764,0.481846,0.482538,0.483697,0.48431,0.486319,0.489427,0.491218,0.49189,0.49595,0.499675,0.499612,0.501419,0.506468
TK26_S10,0.392283,0.386633,0.374834,0.385417,0.38344,0.388035,0.381052,0.367706,0.371107,0.366148,0.372504,0.377438,0.369611,0.368581,0.366246,0.364077,0.361317,0.358343,0.355459,0.353623,0.351586,0.350133,0.348202,0.346839,0.34511,0.343454,0.342048,0.340496,0.338704,0.336786,0.335165,0.333443,0.331841,0.330312,0.329148,0.327225,0.325714,0.324449,0.323397,0.321486,0.320366,0.318664,0.31701,0.315793,0.314855,0.313536,0.312306,0.311309,0.309825,0.308643,0.307892,0.30699,0.305657,0.304813,0.30405,0.30327,0.302067,0.301564,0.301111,0.300658,0.300706,0.300989,0.300784,0.300906,0.301536,0.301917,0.302416,0.30271,0.303491,0.304166,0.305207,0.306248,0.307954,0.310376,0.312817,0.314583,0.315887,0.317268,0.318327,0.319229,0.320349,0.321864,0.322612,0.322771,0.322996,0.322919,0.322828,0.322598,0.321524,0.320888,0.319748,0.318097,0.316447,0.31454,0.312402,0.310523,0.309075,0.307732,0.306727,0.305835,0.304373,0.303649,0.302823,0.30247,0.301985,0.301573,0.301374,0.301271,0.300852,0.300704,0.300007,0.299702,0.298823,0.298361,0.298017,0.297491,0.297694,0.297318,0.297143,0.297592,0.297908,0.298285,0.299147,0.300487,0.301778,0.304043,0.306645,0.309485,0.312435,0.315211,0.318629,0.322145,0.325609,0.328915,0.332559,0.336097,0.338584,0.341742,0.344357,0.346337,0.349238,0.353074,0.358366,0.364204,0.371831,0.38078,0.390124,0.401835,0.415092,0.42937,0.444686,0.459996,0.474173,0.488139,0.500494,0.511584,0.520747,0.529164,0.535146,0.54086,0.545618,0.5487,0.55087,0.552025,0.553572,0.554625,0.555504,0.555506,0.556193,0.555578,0.555037,0.554227,0.552477,0.551103,0.549959,0.548719,0.54782,0.546665,0.545185,0.543116,0.541121,0.539198,0.537037,0.535052,0.53213,0.530329,0.527805,0.525526,0.524073,0.521479,0.52101,0.518943,0.517729,0.516341,0.515173,0.514423,0.513118,0.513112,0.512318,0.511438,0.511115,0.51188,0.511823,0.510735,0.509773,0.50962,0.508422,0.508334,0.507672,0.506527,0.506407,0.504799,0.50445,0.501997,0.500551,0.499757,0.498498,0.497519,0.496202,0.495855,0.49427,0.494226,0.49385,0.493556,0.49354,0.492715,0.492634,0.492179,0.492929,0.492416,0.493696,0.495653,0.4979,0.501355,0.504373,0.50679,0.510408,0.512251,0.514246,0.514125,0.51555,0.514037,0.514277,0.512422,0.513717,0.515372,0.516151,0.518443,0.521434,0.523612,0.523988,0.527064,0.531318,0.531726,0.533357,0.539186
TK26_S10,0.385943,0.371143,0.369244,0.382063,0.370666,0.378559,0.373046,0.352793,0.356689,0.358551,0.352018,0.361162,0.353121,0.353687,0.351138,0.348901,0.345706,0.343372,0.340405,0.338933,0.336822,0.335024,0.333103,0.331483,0.329731,0.328074,0.326494,0.324791,0.322983,0.320958,0.319142,0.317528,0.315904,0.314342,0.312803,0.311114,0.309705,0.308452,0.307187,0.30527,0.303942,0.302227,0.300724,0.299299,0.298677,0.297323,0.295979,0.29492,0.293529,0.292307,0.29168,0.290417,0.289426,0.288711,0.287844,0.286829,0.285634,0.285343,0.28499,0.284499,0.284401,0.284697,0.284524,0.284631,0.285275,0.285769,0.286282,0.286614,0.287319,0.287787,0.288894,0.289977,0.29149,0.293899,0.296413,0.297984,0.299043,0.300423,0.301306,0.302359,0.303388,0.304829,0.305395,0.305833,0.305995,0.305894,0.305939,0.305541,0.304709,0.303913,0.302894,0.301523,0.300105,0.298375,0.296391,0.294467,0.2931,0.291936,0.290954,0.29009,0.288614,0.287981,0.287332,0.2868,0.286339,0.286103,0.285924,0.2858,0.285345,0.285214,0.284693,0.284365,0.283473,0.283181,0.282676,0.282443,0.282485,0.282122,0.282216,0.282708,0.283018,0.283625,0.284302,0.285575,0.286797,0.288994,0.29172,0.294393,0.297241,0.299797,0.303276,0.306649,0.310113,0.313342,0.316939,0.320516,0.322986,0.326297,0.328372,0.330339,0.33325,0.337294,0.342571,0.348259,0.35561,0.364166,0.373584,0.38518,0.398041,0.411816,0.426851,0.441988,0.455699,0.469627,0.481499,0.492333,0.500899,0.509171,0.51486,0.51994,0.52455,0.527826,0.529595,0.531033,0.53185,0.532923,0.533857,0.534266,0.53443,0.534187,0.532829,0.53229,0.530548,0.5295,0.528026,0.526693,0.525649,0.524596,0.523198,0.521435,0.519197,0.517097,0.515184,0.513039,0.510409,0.50871,0.506055,0.504111,0.502894,0.500332,0.499685,0.497942,0.496262,0.494688,0.494247,0.493561,0.491825,0.491981,0.491443,0.489938,0.489737,0.490932,0.49082,0.489957,0.488795,0.488668,0.487886,0.487321,0.486748,0.485933,0.486019,0.484715,0.4843,0.481489,0.480685,0.479816,0.478656,0.477633,0.476729,0.475767,0.47458,0.473901,0.474143,0.473987,0.474083,0.473649,0.473907,0.47293,0.473106,0.473094,0.474478,0.476529,0.478665,0.483103,0.485501,0.488692,0.491604,0.493447,0.495153,0.495242,0.496555,0.495715,0.495855,0.494711,0.496157,0.496446,0.497389,0.499007,0.502242,0.504806,0.504504,0.50755,0.512984,0.511938,0.515847,0.519586
TK26_S10,0.403934,0.386633,0.380496,0.379842,0.384522,0.392314,0.386132,0.374395,0.369278,0.365297,0.369407,0.373768,0.363542,0.365915,0.362843,0.361637,0.358783,0.356454,0.353765,0.351644,0.350033,0.348125,0.345847,0.344445,0.342556,0.340761,0.339229,0.337552,0.335549,0.333361,0.331497,0.329782,0.328042,0.326234,0.324893,0.323161,0.321216,0.320037,0.318654,0.316582,0.315129,0.313414,0.311944,0.310518,0.309486,0.308076,0.306684,0.305522,0.303993,0.30261,0.301867,0.300798,0.2994,0.298564,0.297546,0.296512,0.295512,0.294866,0.294508,0.293861,0.293966,0.294062,0.29364,0.293745,0.294315,0.294706,0.295033,0.295459,0.296125,0.296587,0.297604,0.298473,0.300138,0.302376,0.304668,0.306482,0.307523,0.308855,0.309725,0.31062,0.311526,0.313187,0.313646,0.313903,0.314111,0.314072,0.313818,0.313403,0.3124,0.311629,0.310434,0.308767,0.307153,0.305048,0.302916,0.301022,0.299452,0.29814,0.297093,0.296146,0.294786,0.293736,0.293185,0.29248,0.29214,0.291797,0.291587,0.291504,0.29079,0.290586,0.289759,0.28945,0.288454,0.288123,0.287872,0.287423,0.287242,0.287084,0.286862,0.287423,0.28774,0.288203,0.288865,0.290067,0.29128,0.293432,0.296097,0.298853,0.301528,0.304316,0.307621,0.310949,0.314319,0.317677,0.321009,0.324769,0.327065,0.330291,0.332707,0.334464,0.336884,0.341108,0.346222,0.351757,0.358927,0.367922,0.376921,0.388554,0.401398,0.415449,0.430573,0.445435,0.459128,0.472986,0.485344,0.496075,0.505133,0.513293,0.519576,0.524523,0.529006,0.532122,0.534497,0.536054,0.536864,0.538094,0.539033,0.539294,0.539256,0.539159,0.538096,0.537741,0.536369,0.53466,0.533194,0.53156,0.530853,0.529581,0.528243,0.526293,0.524266,0.522301,0.520359,0.517919,0.515041,0.513534,0.510897,0.508597,0.507031,0.504777,0.504039,0.501889,0.500367,0.498985,0.498537,0.498018,0.496349,0.496009,0.495049,0.494199,0.493618,0.494308,0.493939,0.493148,0.492008,0.491627,0.490719,0.490185,0.489585,0.489042,0.48841,0.487226,0.487348,0.48455,0.48259,0.481691,0.480337,0.479437,0.478551,0.477773,0.476059,0.475675,0.475489,0.475409,0.475234,0.474232,0.47491,0.474004,0.474319,0.474261,0.476225,0.477736,0.479891,0.482972,0.48577,0.488898,0.492166,0.494092,0.495008,0.495836,0.496934,0.495406,0.495539,0.495279,0.495483,0.496003,0.49626,0.497987,0.501338,0.503021,0.503197,0.507209,0.511373,0.51241,0.511715,0.518288
TK26_S10,0.405248,0.398937,0.379358,0.394489,0.380211,0.39339,0.383077,0.373433,0.369278,0.373881,0.370953,0.379902,0.368847,0.369473,0.366378,0.364837,0.362204,0.359426,0.356642,0.354841,0.352741,0.351019,0.348711,0.347133,0.345323,0.34327,0.341777,0.339764,0.337875,0.335649,0.333896,0.331941,0.330173,0.328461,0.326935,0.324941,0.32339,0.32182,0.32048,0.318598,0.316974,0.315225,0.313459,0.31211,0.311099,0.309721,0.308356,0.307245,0.305573,0.304357,0.303395,0.302275,0.300948,0.300016,0.298985,0.298172,0.296889,0.296383,0.295766,0.2952,0.295101,0.295265,0.294881,0.294898,0.295622,0.295867,0.296309,0.296634,0.297327,0.297949,0.298851,0.29977,0.301144,0.303547,0.305877,0.307401,0.308345,0.309747,0.310571,0.311353,0.31243,0.313897,0.314412,0.314588,0.314818,0.314782,0.314509,0.314072,0.313214,0.312436,0.311331,0.309492,0.307855,0.305942,0.30374,0.301749,0.300212,0.298857,0.297798,0.296997,0.295408,0.29455,0.293808,0.293228,0.292951,0.292578,0.292136,0.291976,0.291438,0.291032,0.290382,0.290126,0.289101,0.288596,0.288429,0.287935,0.287821,0.287501,0.287497,0.287927,0.288178,0.288711,0.28929,0.290512,0.291693,0.293935,0.296376,0.299436,0.302098,0.304875,0.308169,0.311524,0.314983,0.318413,0.32178,0.325418,0.328076,0.331316,0.333772,0.335558,0.338287,0.342261,0.347579,0.353336,0.360548,0.36952,0.378786,0.390523,0.403436,0.418018,0.432937,0.447858,0.462058,0.475763,0.487936,0.4987,0.507438,0.515404,0.521183,0.526267,0.530256,0.53339,0.535137,0.536319,0.536749,0.537863,0.538644,0.538119,0.538231,0.537614,0.536386,0.535744,0.533888,0.532573,0.530582,0.529502,0.528505,0.527142,0.525673,0.523674,0.52152,0.51963,0.517189,0.514935,0.512347,0.510367,0.507802,0.505364,0.504198,0.501428,0.500408,0.498626,0.497209,0.495552,0.494857,0.494176,0.492664,0.492605,0.491847,0.490344,0.489965,0.490656,0.490263,0.489443,0.488372,0.488193,0.487551,0.486741,0.48592,0.484999,0.485077,0.483765,0.483137,0.480879,0.479403,0.478933,0.477139,0.476047,0.474967,0.473825,0.472942,0.472797,0.472856,0.472627,0.472133,0.471439,0.471498,0.471562,0.471897,0.471318,0.472925,0.474567,0.476351,0.480473,0.483826,0.486157,0.489572,0.490948,0.49297,0.493464,0.49504,0.493709,0.494118,0.493011,0.493047,0.494236,0.495135,0.496562,0.499087,0.500989,0.501027,0.504494,0.508768,0.50818,0.510619,0.516672
TK26_S10,0.391008,0.383009,0.378222,0.391064,0.380211,0.385911,0.384093,0.366759,0.36655,0.365297,0.355739,0.367719,0.360165,0.360851,0.356758,0.354314,0.351213,0.34854,0.345642,0.343473,0.341613,0.339583,0.337516,0.335785,0.333894,0.332105,0.330419,0.32847,0.326366,0.324287,0.322193,0.320275,0.318536,0.316766,0.315296,0.313385,0.311421,0.310131,0.308552,0.30664,0.30506,0.3033,0.301696,0.300191,0.2991,0.297637,0.296271,0.295429,0.293563,0.292241,0.291386,0.290271,0.28888,0.287805,0.286929,0.285714,0.284697,0.284035,0.283592,0.283054,0.283013,0.283194,0.282667,0.282698,0.28349,0.283727,0.284141,0.284526,0.28513,0.28584,0.286728,0.287697,0.289113,0.291295,0.293669,0.295214,0.296407,0.297664,0.298568,0.299559,0.300573,0.30209,0.302668,0.30292,0.303076,0.302881,0.302851,0.302573,0.301608,0.300825,0.299675,0.298074,0.296392,0.294457,0.292211,0.29021,0.288695,0.287292,0.286242,0.285151,0.283708,0.282957,0.282299,0.281558,0.281282,0.280787,0.280472,0.280661,0.279984,0.279565,0.279139,0.278743,0.277696,0.277261,0.276886,0.276522,0.276405,0.276161,0.276102,0.276387,0.27672,0.277144,0.277678,0.27909,0.280526,0.282481,0.285169,0.287856,0.290698,0.293669,0.297152,0.30065,0.304296,0.307686,0.311146,0.315074,0.317639,0.320754,0.323438,0.325505,0.328333,0.332188,0.337337,0.343506,0.350796,0.359635,0.369198,0.380968,0.393946,0.408515,0.424152,0.439568,0.453903,0.468114,0.480851,0.491967,0.501307,0.509728,0.51599,0.521378,0.526006,0.528785,0.530712,0.532047,0.533022,0.534181,0.534472,0.53446,0.534274,0.533481,0.532396,0.531579,0.529757,0.528468,0.526912,0.525256,0.524528,0.523148,0.521664,0.519936,0.518101,0.515999,0.513635,0.511234,0.508398,0.506606,0.503984,0.50174,0.500046,0.497393,0.496849,0.495301,0.493475,0.492018,0.491381,0.490455,0.489099,0.488785,0.488624,0.487194,0.4872,0.487674,0.4874,0.486187,0.485279,0.485257,0.4845,0.483996,0.483252,0.482552,0.482113,0.480976,0.48062,0.478045,0.476799,0.476399,0.474587,0.473836,0.472682,0.471837,0.470714,0.470047,0.470073,0.469693,0.470078,0.469991,0.470093,0.469429,0.469728,0.469306,0.470883,0.472929,0.475455,0.478903,0.482557,0.485611,0.488594,0.49045,0.492245,0.4928,0.49421,0.493171,0.493095,0.491881,0.49288,0.494765,0.494947,0.497274,0.499761,0.50175,0.501749,0.506529,0.509768,0.509116,0.5098,0.518288
TK26_S10,0.401318,0.385422,0.37709,0.393344,0.37914,0.390169,0.383077,0.365813,0.377568,0.370427,0.367867,0.373159,0.368086,0.368136,0.36559,0.363487,0.360785,0.358072,0.355644,0.353495,0.351586,0.349623,0.347365,0.346007,0.344209,0.342739,0.341009,0.339409,0.337461,0.335263,0.333559,0.33165,0.330091,0.328339,0.327035,0.325159,0.323528,0.322305,0.320981,0.318998,0.317597,0.315675,0.314219,0.312771,0.311971,0.310402,0.308939,0.30796,0.306554,0.305241,0.304405,0.303291,0.301756,0.300719,0.299958,0.299044,0.297788,0.297215,0.29698,0.29627,0.296094,0.296439,0.295852,0.296021,0.296769,0.29708,0.297655,0.297846,0.298468,0.298974,0.299923,0.30094,0.302461,0.304917,0.307433,0.309045,0.310061,0.311304,0.312268,0.313309,0.314363,0.315811,0.316203,0.316494,0.316462,0.316345,0.316465,0.316033,0.315085,0.314187,0.312915,0.311325,0.30956,0.307442,0.305215,0.303353,0.30172,0.300555,0.299395,0.298442,0.296959,0.295996,0.295352,0.29476,0.294342,0.29402,0.293785,0.293617,0.292974,0.292834,0.292113,0.291788,0.290804,0.29023,0.28976,0.289306,0.289349,0.288952,0.288953,0.289343,0.289663,0.290119,0.290858,0.292107,0.293263,0.29545,0.297951,0.300604,0.30367,0.306249,0.309525,0.312975,0.316314,0.319773,0.323009,0.326413,0.328927,0.332076,0.334387,0.336324,0.339225,0.343106,0.348271,0.35406,0.36157,0.370346,0.379834,0.391094,0.404027,0.418158,0.433313,0.448368,0.462368,0.476501,0.4882,0.499444,0.508716,0.516747,0.522904,0.527946,0.532359,0.535635,0.537897,0.53914,0.540239,0.541303,0.542348,0.542678,0.542861,0.542306,0.541416,0.540997,0.539389,0.537851,0.536431,0.535052,0.533989,0.532566,0.531076,0.529341,0.527196,0.525197,0.522887,0.520798,0.518087,0.51605,0.513677,0.510836,0.509925,0.507124,0.50675,0.504743,0.503242,0.501918,0.500875,0.500419,0.498763,0.498805,0.498229,0.496804,0.496424,0.497055,0.496892,0.496077,0.49472,0.4948,0.49396,0.49297,0.492787,0.491725,0.491065,0.48965,0.489084,0.486603,0.485801,0.485097,0.483506,0.482372,0.480705,0.48006,0.478922,0.478572,0.477855,0.477808,0.47743,0.477337,0.476923,0.4764,0.476816,0.476915,0.477978,0.47952,0.481574,0.485484,0.488061,0.490275,0.493858,0.495457,0.497201,0.497474,0.498761,0.497187,0.497837,0.496254,0.496664,0.497955,0.497954,0.500031,0.502582,0.504806,0.504359,0.507891,0.512379,0.510995,0.514189,0.520236
TK26_S10,0.415906,0.405222,0.39794,0.402585,0.397717,0.408746,0.39752,0.390082,0.384127,0.391573,0.389133,0.39371,0.384373,0.384697,0.382308,0.379803,0.375857,0.373568,0.370289,0.368497,0.366572,0.364869,0.362584,0.361413,0.359604,0.357797,0.356283,0.354583,0.352663,0.350853,0.348951,0.347195,0.345694,0.343915,0.342602,0.340493,0.339004,0.337722,0.336685,0.334537,0.333085,0.331451,0.329951,0.328403,0.327699,0.326301,0.324871,0.324042,0.322568,0.321285,0.320321,0.319454,0.318069,0.317315,0.316345,0.315375,0.314263,0.313628,0.313096,0.312566,0.312703,0.31292,0.312584,0.312704,0.313627,0.314004,0.314516,0.314798,0.315476,0.316008,0.317103,0.318126,0.319677,0.321978,0.324591,0.32627,0.327484,0.328758,0.329767,0.330757,0.331871,0.333326,0.333934,0.334257,0.334483,0.334318,0.334246,0.334,0.332935,0.332069,0.33104,0.32949,0.327877,0.325792,0.323809,0.32169,0.320186,0.318973,0.317851,0.316911,0.315296,0.3145,0.313982,0.313316,0.313004,0.312621,0.312223,0.312137,0.311617,0.311381,0.310753,0.310439,0.309429,0.309,0.308646,0.307936,0.308144,0.307642,0.307586,0.307935,0.308338,0.308962,0.30941,0.310696,0.311869,0.314282,0.316906,0.319753,0.322518,0.325308,0.32881,0.332291,0.336143,0.339311,0.343072,0.346556,0.349118,0.352618,0.355035,0.356803,0.359643,0.363907,0.368865,0.374899,0.382195,0.391342,0.40082,0.412602,0.425965,0.440466,0.456029,0.471911,0.486307,0.500911,0.513285,0.52461,0.534293,0.542848,0.549381,0.554831,0.559491,0.563129,0.564928,0.566158,0.567819,0.568781,0.569904,0.569607,0.569862,0.569738,0.568757,0.567788,0.566186,0.56473,0.562884,0.561312,0.560277,0.559398,0.55766,0.556197,0.55383,0.5515,0.549406,0.547024,0.543878,0.542226,0.539573,0.53725,0.53615,0.532815,0.532308,0.530481,0.52885,0.527378,0.526988,0.525999,0.524431,0.524532,0.523627,0.52248,0.521698,0.522448,0.52242,0.521509,0.520274,0.520027,0.519143,0.518766,0.517869,0.516965,0.516572,0.515254,0.514589,0.512408,0.510946,0.510221,0.508264,0.507785,0.506448,0.505649,0.50452,0.504015,0.50363,0.503407,0.502714,0.502323,0.50253,0.50226,0.502801,0.502409,0.503899,0.50537,0.507571,0.511444,0.515024,0.517303,0.521101,0.523001,0.524273,0.524003,0.525409,0.524322,0.524211,0.523199,0.52304,0.525296,0.525895,0.527404,0.529548,0.532103,0.531816,0.536978,0.538746,0.541211,0.542089,0.54846
TK26_S11,0.379381,0.371786,0.357064,0.374459,0.363998,0.366959,0.367698,0.351378,0.353923,0.34301,0.347445,0.349425,0.341901,0.342308,0.337899,0.336242,0.333333,0.330872,0.328363,0.326325,0.324028,0.32221,0.319774,0.317742,0.315689,0.31364,0.311659,0.309261,0.307417,0.305076,0.302732,0.300934,0.299004,0.296796,0.294955,0.292849,0.290857,0.289093,0.287505,0.285138,0.283352,0.28152,0.279697,0.277968,0.276733,0.274882,0.273202,0.271778,0.270073,0.268289,0.266953,0.265734,0.264198,0.263109,0.261918,0.260666,0.259263,0.258276,0.25778,0.257467,0.257018,0.256848,0.256425,0.256274,0.256706,0.256838,0.25732,0.257341,0.257541,0.258118,0.259024,0.259962,0.26118,0.26329,0.265523,0.267643,0.268985,0.269984,0.27122,0.272158,0.273009,0.274432,0.274891,0.275049,0.27514,0.274744,0.274694,0.274346,0.27316,0.272099,0.270868,0.26933,0.267616,0.26552,0.263244,0.261101,0.259311,0.257861,0.25678,0.255636,0.254262,0.253354,0.25267,0.251952,0.251405,0.251205,0.251151,0.251114,0.250415,0.25009,0.249465,0.24892,0.247899,0.247274,0.246942,0.246581,0.246355,0.246028,0.245931,0.246311,0.246625,0.247052,0.247923,0.248855,0.250177,0.252588,0.255006,0.258113,0.260835,0.263766,0.266825,0.270183,0.273645,0.277219,0.280364,0.283843,0.286701,0.289917,0.292302,0.29362,0.295725,0.298994,0.304401,0.310133,0.317207,0.325213,0.333914,0.345023,0.357806,0.371516,0.385777,0.400432,0.413989,0.426982,0.43933,0.450044,0.459174,0.46774,0.474279,0.479543,0.484453,0.487744,0.490492,0.492873,0.494005,0.495598,0.497057,0.497556,0.497829,0.497964,0.49753,0.497089,0.495843,0.495262,0.494565,0.493318,0.492564,0.49165,0.490929,0.489607,0.487816,0.485889,0.484174,0.481853,0.479604,0.477797,0.475027,0.473395,0.472084,0.469484,0.469167,0.467262,0.46611,0.464514,0.463901,0.463083,0.461829,0.461723,0.461219,0.459701,0.459662,0.4603,0.460282,0.45961,0.458883,0.458646,0.458029,0.457673,0.456945,0.455733,0.456091,0.454135,0.454363,0.451619,0.450527,0.45,0.448657,0.447709,0.446704,0.446142,0.445338,0.445138,0.445121,0.444564,0.44471,0.444532,0.445052,0.444354,0.445852,0.445327,0.446797,0.448238,0.4508,0.45398,0.457386,0.460066,0.463415,0.46506,0.467289,0.468093,0.470166,0.468787,0.468746,0.467678,0.468359,0.468947,0.47042,0.472521,0.475713,0.478072,0.477662,0.482438,0.484845,0.48509,0.488547,0.49405
TK26_S11,0.376899,0.380013,0.371305,0.372287,0.371246,0.374137,0.36965,0.360521,0.357426,0.348709,0.350379,0.351155,0.343698,0.346311,0.342853,0.340133,0.336494,0.333578,0.330507,0.328,0.325375,0.32311,0.320436,0.317947,0.315513,0.313105,0.311031,0.308523,0.306189,0.30365,0.301195,0.298881,0.296771,0.294518,0.292464,0.290081,0.287919,0.286046,0.284345,0.281874,0.280018,0.277943,0.275973,0.273983,0.272623,0.2707,0.268994,0.267587,0.265487,0.263701,0.262325,0.261008,0.259395,0.258234,0.257103,0.255566,0.254096,0.253198,0.252731,0.252216,0.251668,0.251392,0.250986,0.250712,0.251068,0.251345,0.251587,0.251741,0.251881,0.252326,0.253344,0.254247,0.255464,0.257603,0.259811,0.261659,0.262904,0.264058,0.265224,0.266194,0.267151,0.268311,0.268619,0.268753,0.268672,0.268195,0.26801,0.267723,0.266598,0.26551,0.264392,0.262708,0.260972,0.258883,0.256529,0.254549,0.2527,0.251409,0.250337,0.249301,0.247889,0.24688,0.246174,0.245553,0.245121,0.244821,0.244749,0.244626,0.243959,0.243718,0.243046,0.242546,0.241596,0.240835,0.240717,0.240322,0.24026,0.239843,0.239696,0.239973,0.240502,0.241156,0.242017,0.24279,0.244121,0.246554,0.249062,0.251925,0.254737,0.257592,0.260731,0.263963,0.267202,0.270775,0.273894,0.277303,0.27994,0.283101,0.285605,0.286912,0.288941,0.292557,0.297804,0.303629,0.310738,0.318932,0.327937,0.338667,0.351286,0.365058,0.37963,0.394058,0.407451,0.420312,0.432387,0.442867,0.451626,0.459985,0.46605,0.471424,0.475644,0.479433,0.481989,0.483507,0.485009,0.486863,0.488307,0.489003,0.489737,0.489929,0.489555,0.489039,0.488093,0.486933,0.485923,0.484783,0.484182,0.483152,0.48224,0.480549,0.479033,0.477491,0.475524,0.473223,0.470925,0.469188,0.466762,0.465013,0.463451,0.460868,0.460634,0.458643,0.457229,0.455745,0.455302,0.454337,0.452873,0.452562,0.452031,0.451082,0.45081,0.451339,0.451005,0.450255,0.449587,0.449687,0.448926,0.448288,0.447626,0.44697,0.446735,0.445262,0.444963,0.442828,0.441607,0.441113,0.439506,0.439135,0.437955,0.437637,0.436578,0.436071,0.436045,0.435735,0.435503,0.436048,0.436359,0.435455,0.436567,0.436264,0.437773,0.439227,0.441643,0.444933,0.448213,0.450884,0.453957,0.455625,0.458007,0.458502,0.460075,0.458794,0.459033,0.457498,0.45818,0.459467,0.460001,0.462906,0.46519,0.467723,0.468296,0.472075,0.475776,0.476404,0.478125,0.483282
TK26_S11,0.379381,0.369463,0.360309,0.371206,0.36709,0.371046,0.361895,0.351378,0.347002,0.345443,0.34453,0.345988,0.337618,0.338342,0.333977,0.332464,0.329428,0.326637,0.323695,0.321601,0.319056,0.31682,0.314282,0.312137,0.309896,0.307796,0.305775,0.303372,0.30099,0.298621,0.296346,0.29416,0.292171,0.289942,0.287853,0.285655,0.28354,0.2817,0.279917,0.277634,0.275856,0.273989,0.27193,0.270215,0.268862,0.267057,0.265539,0.264063,0.262029,0.260333,0.25916,0.257746,0.256266,0.255282,0.254121,0.252902,0.251449,0.250675,0.250157,0.249585,0.249261,0.249106,0.248731,0.248631,0.249224,0.249529,0.250034,0.250191,0.250441,0.250977,0.251953,0.253159,0.254623,0.256788,0.259241,0.261278,0.262595,0.263822,0.26509,0.266119,0.267316,0.268735,0.269259,0.269505,0.269398,0.269016,0.268844,0.268705,0.267523,0.266561,0.265239,0.263768,0.261862,0.259885,0.257482,0.25543,0.253739,0.252281,0.251319,0.250119,0.2488,0.247831,0.247188,0.246485,0.246165,0.245951,0.245672,0.24575,0.2452,0.244883,0.244331,0.243997,0.243026,0.242523,0.242239,0.241735,0.241991,0.241538,0.241501,0.24188,0.242428,0.243062,0.243855,0.244945,0.246367,0.248696,0.251248,0.254421,0.257447,0.26045,0.263776,0.267287,0.270872,0.27442,0.277651,0.281208,0.284035,0.287584,0.290009,0.29144,0.293924,0.297535,0.303157,0.309035,0.316414,0.32493,0.33463,0.345815,0.359325,0.373749,0.388909,0.403789,0.418059,0.431678,0.444218,0.45536,0.464798,0.473402,0.479745,0.485305,0.49046,0.493769,0.496757,0.498653,0.499933,0.501932,0.50306,0.503258,0.504007,0.504325,0.504038,0.503152,0.502328,0.501152,0.500399,0.499177,0.498369,0.497373,0.496,0.494777,0.492769,0.491198,0.488966,0.487215,0.484434,0.482806,0.480327,0.478019,0.47678,0.474271,0.473874,0.471917,0.470519,0.468987,0.468531,0.467543,0.466439,0.465835,0.465487,0.464372,0.464114,0.464851,0.464518,0.46375,0.463276,0.462994,0.462451,0.461739,0.46104,0.459952,0.460077,0.458571,0.45819,0.455987,0.455225,0.454366,0.453011,0.452359,0.450945,0.450635,0.449631,0.449432,0.449626,0.449234,0.449388,0.449056,0.449021,0.448817,0.449998,0.449467,0.450999,0.452814,0.455573,0.45904,0.461603,0.464957,0.468554,0.470362,0.473037,0.47367,0.474942,0.47387,0.474469,0.472706,0.473579,0.474519,0.475103,0.47741,0.480058,0.483703,0.483106,0.487232,0.490303,0.492613,0.494245,0.498923
TK26_S11,0.402378,0.414578,0.403661,0.39909,0.394843,0.407437,0.391721,0.38818,0.381836,0.374015,0.379292,0.384763,0.376215,0.376093,0.37089,0.367455,0.363233,0.359258,0.355231,0.352264,0.348896,0.34607,0.343061,0.340292,0.337439,0.334951,0.332389,0.329549,0.326973,0.324166,0.321455,0.318776,0.316802,0.314159,0.311629,0.309121,0.306826,0.304731,0.302853,0.300204,0.298222,0.295883,0.293603,0.291658,0.290006,0.287911,0.286228,0.284598,0.282426,0.28056,0.279069,0.277521,0.275833,0.274476,0.273207,0.271666,0.270041,0.269029,0.268474,0.267895,0.267442,0.266967,0.266476,0.266376,0.266775,0.26688,0.267144,0.267304,0.267334,0.267931,0.269,0.270113,0.27156,0.27344,0.275793,0.277804,0.279157,0.280377,0.281396,0.28229,0.283192,0.284406,0.284921,0.284985,0.284802,0.284178,0.284098,0.283862,0.282816,0.281769,0.280357,0.278746,0.277066,0.274751,0.272318,0.270301,0.268589,0.267142,0.265906,0.264914,0.263402,0.262496,0.26183,0.260947,0.260652,0.260418,0.260204,0.260091,0.259691,0.259414,0.258691,0.258236,0.257289,0.256618,0.256382,0.255739,0.25583,0.255443,0.255408,0.255902,0.256401,0.256706,0.257775,0.258612,0.260057,0.26261,0.265312,0.268428,0.271439,0.274573,0.27795,0.281601,0.285023,0.288578,0.292016,0.295451,0.298359,0.301926,0.304029,0.305949,0.308551,0.312016,0.317634,0.323987,0.331844,0.340668,0.350304,0.362046,0.375563,0.390467,0.405702,0.421396,0.435369,0.449305,0.461929,0.472976,0.482411,0.491076,0.497276,0.502995,0.507881,0.511834,0.514431,0.516109,0.517419,0.519632,0.520622,0.521089,0.52169,0.521899,0.521302,0.520909,0.519152,0.518351,0.517456,0.516196,0.5156,0.5143,0.513502,0.511889,0.510266,0.508199,0.506126,0.50411,0.501732,0.499755,0.496911,0.495025,0.493343,0.490798,0.490578,0.488717,0.487441,0.485369,0.484965,0.48393,0.482627,0.482421,0.482248,0.480577,0.480133,0.480941,0.481119,0.479718,0.47933,0.479076,0.478781,0.477733,0.477248,0.476866,0.476589,0.475167,0.474387,0.47252,0.47108,0.470358,0.469139,0.468159,0.467397,0.467133,0.466438,0.465854,0.465662,0.465595,0.465747,0.465529,0.465789,0.465333,0.466281,0.466676,0.467615,0.469687,0.471917,0.475743,0.479224,0.482726,0.485516,0.48786,0.48968,0.489896,0.492121,0.491006,0.491251,0.490058,0.490867,0.492635,0.493706,0.49542,0.499112,0.501798,0.50243,0.508807,0.510859,0.512476,0.513159,0.518019
TK26_S11,0.352832,0.346897,0.335003,0.350119,0.344917,0.341288,0.344935,0.331051,0.340189,0.324797,0.333063,0.33195,0.322954,0.324638,0.320757,0.319114,0.31728,0.314496,0.312106,0.31043,0.308683,0.306599,0.304482,0.303026,0.301083,0.299288,0.297713,0.295767,0.294011,0.291991,0.290072,0.288423,0.286843,0.284829,0.283181,0.281398,0.27984,0.278269,0.277053,0.274972,0.273426,0.271782,0.270297,0.268796,0.267865,0.2663,0.264905,0.263749,0.26223,0.260653,0.259462,0.258313,0.257183,0.256337,0.255268,0.254188,0.253,0.252193,0.251829,0.251514,0.25118,0.251133,0.250783,0.25077,0.251406,0.251595,0.252028,0.252151,0.252231,0.252806,0.253881,0.254813,0.256337,0.258215,0.260323,0.262114,0.263582,0.264487,0.265878,0.266746,0.267616,0.268841,0.269427,0.269551,0.269583,0.269186,0.269014,0.268889,0.267811,0.266756,0.265641,0.26421,0.262799,0.260992,0.258611,0.256877,0.255274,0.25406,0.253053,0.252156,0.250741,0.249852,0.249473,0.24865,0.248259,0.248064,0.247974,0.247823,0.247196,0.247049,0.246323,0.245902,0.244925,0.244482,0.244105,0.243877,0.243743,0.243403,0.243357,0.243569,0.243938,0.244383,0.245105,0.246111,0.247509,0.249678,0.252,0.254485,0.257207,0.259867,0.262906,0.266054,0.269169,0.272229,0.275184,0.278498,0.280771,0.283778,0.286007,0.287391,0.289433,0.292616,0.297725,0.303168,0.309792,0.317751,0.32611,0.336218,0.348121,0.361399,0.374674,0.388452,0.401198,0.413384,0.425015,0.434937,0.443318,0.451366,0.457174,0.462139,0.46663,0.46996,0.472383,0.473816,0.475402,0.476866,0.477915,0.478678,0.478745,0.479075,0.478812,0.478382,0.476982,0.475989,0.475129,0.474115,0.473651,0.472926,0.471967,0.470346,0.468838,0.466864,0.46494,0.463191,0.46077,0.458982,0.456766,0.454897,0.453566,0.451407,0.451246,0.449431,0.44822,0.446803,0.446287,0.445334,0.444295,0.443986,0.443274,0.442108,0.441567,0.442355,0.442707,0.441805,0.440862,0.44074,0.44065,0.440137,0.439198,0.438204,0.438506,0.436923,0.436935,0.434757,0.433462,0.433054,0.431853,0.430633,0.429999,0.430069,0.429019,0.428327,0.428056,0.427844,0.427309,0.427152,0.427679,0.427267,0.428671,0.428102,0.429491,0.430854,0.433078,0.43672,0.439529,0.441892,0.445202,0.447222,0.448528,0.449119,0.451027,0.450063,0.449604,0.448564,0.44861,0.450188,0.450917,0.452587,0.455117,0.456821,0.457446,0.461499,0.464565,0.465366,0.467701,0.472774
TK26_S11,0.390727,0.389611,0.378038,0.395648,0.381813,0.386726,0.377547,0.371753,0.372634,0.361178,0.364595,0.37004,0.360961,0.360947,0.356003,0.353826,0.350346,0.347452,0.344248,0.342017,0.339574,0.337443,0.334768,0.332762,0.33053,0.328438,0.326501,0.32408,0.321813,0.319509,0.317262,0.315065,0.313062,0.311052,0.309022,0.3067,0.304711,0.302918,0.301277,0.2989,0.297164,0.295244,0.293375,0.291502,0.290143,0.288216,0.286743,0.285272,0.283398,0.281632,0.280335,0.279006,0.277489,0.276316,0.275181,0.273933,0.272443,0.271587,0.27119,0.270774,0.270403,0.270223,0.269808,0.269822,0.270286,0.270714,0.271102,0.27136,0.271658,0.272367,0.273521,0.274685,0.276273,0.278544,0.281074,0.28346,0.284743,0.286003,0.287308,0.288293,0.28943,0.290839,0.291466,0.291555,0.291516,0.291121,0.290971,0.290593,0.289422,0.288374,0.287171,0.285587,0.283687,0.281592,0.279025,0.276914,0.275296,0.27391,0.272739,0.271729,0.270203,0.269297,0.26864,0.267886,0.267459,0.267228,0.2669,0.266771,0.266388,0.266216,0.265302,0.264741,0.263917,0.26319,0.262883,0.26252,0.262335,0.262153,0.262078,0.262448,0.262927,0.263454,0.264395,0.26553,0.267068,0.269803,0.272453,0.275688,0.278734,0.281931,0.285465,0.289237,0.292886,0.296448,0.300092,0.303654,0.306584,0.309959,0.312571,0.314386,0.317021,0.320724,0.326417,0.332838,0.340771,0.349667,0.359674,0.371445,0.385555,0.400169,0.415783,0.431623,0.446245,0.46042,0.473241,0.484653,0.494397,0.502942,0.509785,0.515532,0.520158,0.524418,0.52686,0.528767,0.530103,0.531996,0.533359,0.533678,0.534073,0.534244,0.533439,0.532716,0.531135,0.530354,0.529211,0.527923,0.527333,0.526366,0.525305,0.523252,0.521211,0.519494,0.517084,0.515146,0.51237,0.510442,0.507721,0.505592,0.504481,0.501756,0.501164,0.499024,0.497954,0.496055,0.495915,0.494741,0.4935,0.492996,0.492374,0.491066,0.491013,0.491779,0.491763,0.490528,0.490043,0.489379,0.489015,0.487929,0.487378,0.486457,0.48647,0.485029,0.484857,0.482447,0.481196,0.480543,0.479049,0.477912,0.476873,0.476457,0.475883,0.475186,0.474827,0.474494,0.474536,0.473918,0.474862,0.474397,0.475202,0.475237,0.476105,0.477648,0.480197,0.484342,0.487067,0.490894,0.494498,0.496092,0.497991,0.499394,0.50025,0.499137,0.499337,0.497782,0.498721,0.49985,0.499869,0.502716,0.506181,0.509023,0.508776,0.514415,0.515049,0.517174,0.518915,0.523494
TK26_S11,0.363498,0.360296,0.354914,0.363709,0.365026,0.354922,0.352391,0.347773,0.347002,0.340591,0.339476,0.345417,0.334787,0.335443,0.3313,0.32903,0.325884,0.322938,0.319989,0.317836,0.315457,0.312938,0.310359,0.308336,0.306113,0.304033,0.302216,0.299804,0.297664,0.295429,0.293131,0.291085,0.289025,0.287057,0.285094,0.28286,0.28074,0.279107,0.277469,0.275195,0.273477,0.271496,0.269731,0.267842,0.266513,0.26479,0.26334,0.261781,0.259965,0.258234,0.257009,0.255754,0.254262,0.253122,0.252067,0.250655,0.249317,0.248521,0.247967,0.247566,0.247137,0.246845,0.246545,0.246301,0.246778,0.247009,0.247423,0.24737,0.247719,0.248349,0.249272,0.250474,0.251863,0.253862,0.256185,0.258268,0.259558,0.260875,0.262176,0.262909,0.263863,0.265268,0.265767,0.265974,0.265857,0.265526,0.265473,0.265187,0.264121,0.263102,0.261743,0.260435,0.258513,0.256351,0.254198,0.251962,0.250284,0.249091,0.248031,0.246769,0.245479,0.244387,0.24392,0.243196,0.242862,0.242682,0.242422,0.242332,0.241739,0.241483,0.240715,0.240213,0.239324,0.238734,0.238327,0.238051,0.238007,0.237595,0.237722,0.237836,0.238182,0.238838,0.239734,0.240751,0.242101,0.244561,0.247197,0.250039,0.252945,0.25597,0.259006,0.262476,0.265986,0.269463,0.272714,0.276039,0.278716,0.281769,0.284147,0.285884,0.288128,0.291513,0.297033,0.302747,0.31008,0.318675,0.327849,0.339149,0.352045,0.36607,0.380955,0.395642,0.409547,0.423324,0.435308,0.446188,0.455688,0.464297,0.470366,0.47627,0.481006,0.484679,0.487695,0.48974,0.490985,0.49269,0.494155,0.494839,0.495091,0.495174,0.494867,0.494737,0.493593,0.492456,0.491459,0.490491,0.489397,0.488725,0.487692,0.485983,0.484557,0.482585,0.480671,0.478214,0.475507,0.473984,0.471542,0.469165,0.468016,0.465444,0.465094,0.463166,0.461745,0.459691,0.45936,0.458748,0.457307,0.45671,0.456951,0.455619,0.454921,0.455628,0.455874,0.454521,0.454145,0.453641,0.45308,0.452577,0.452216,0.451646,0.451,0.449653,0.448986,0.446641,0.445879,0.445104,0.443817,0.442671,0.442012,0.441545,0.440383,0.43997,0.439786,0.439997,0.439606,0.43984,0.439707,0.43862,0.439566,0.439697,0.441659,0.442832,0.44501,0.448978,0.451661,0.455545,0.458596,0.46068,0.462488,0.46245,0.463832,0.462977,0.463096,0.461586,0.462735,0.463854,0.465006,0.467122,0.469535,0.472397,0.472419,0.476912,0.481492,0.481377,0.483432,0.489531
TK26_S11,0.399762,0.390826,0.389498,0.393368,0.394843,0.392081,0.389667,0.381341,0.382767,0.37838,0.377722,0.381035,0.373506,0.374509,0.369563,0.36703,0.363115,0.359483,0.356076,0.353597,0.351122,0.348825,0.346212,0.344021,0.3416,0.339583,0.337469,0.33487,0.332558,0.330175,0.327687,0.325664,0.323616,0.32145,0.319252,0.317047,0.315027,0.31321,0.311586,0.309111,0.307434,0.305366,0.303295,0.301545,0.300027,0.29825,0.29663,0.295175,0.29321,0.291481,0.290186,0.288724,0.287121,0.285977,0.284907,0.28354,0.282046,0.281112,0.280706,0.280122,0.279684,0.279507,0.278862,0.278736,0.279143,0.279345,0.279724,0.279697,0.279941,0.280522,0.281574,0.282533,0.283974,0.286051,0.288494,0.290428,0.291707,0.292618,0.293905,0.294906,0.295776,0.297062,0.297558,0.297603,0.297462,0.297084,0.296964,0.296627,0.295483,0.294504,0.293219,0.291674,0.289926,0.287719,0.285561,0.283398,0.281846,0.280599,0.279275,0.2782,0.276777,0.275772,0.275127,0.274225,0.27381,0.27367,0.273491,0.273541,0.272903,0.272746,0.271847,0.271406,0.270416,0.269801,0.269453,0.269031,0.268971,0.268634,0.268438,0.268725,0.268927,0.269631,0.270469,0.271484,0.272847,0.275012,0.277579,0.280557,0.283378,0.286481,0.289681,0.293133,0.296672,0.300206,0.303762,0.306836,0.309798,0.312983,0.315124,0.31692,0.319469,0.323002,0.328365,0.334492,0.341721,0.350337,0.359508,0.370901,0.384172,0.398062,0.412835,0.428016,0.441727,0.454948,0.467142,0.478198,0.48733,0.496146,0.501984,0.507515,0.51204,0.515739,0.518054,0.520057,0.521435,0.522875,0.524191,0.524616,0.525019,0.524752,0.524439,0.523715,0.522117,0.521253,0.520404,0.519313,0.518533,0.517246,0.515948,0.514504,0.512887,0.510946,0.50872,0.506762,0.504025,0.502382,0.499751,0.497674,0.49642,0.493553,0.493024,0.491177,0.489708,0.487857,0.487176,0.486243,0.484996,0.484594,0.483649,0.482734,0.482127,0.482871,0.483109,0.482407,0.481857,0.481396,0.480415,0.479999,0.479436,0.478738,0.478042,0.476779,0.476411,0.47391,0.472783,0.472183,0.470673,0.470019,0.46891,0.468505,0.467347,0.466936,0.46692,0.466927,0.466196,0.46644,0.466653,0.466674,0.467171,0.466857,0.468347,0.469563,0.472296,0.475872,0.478895,0.481783,0.485034,0.486947,0.488893,0.489823,0.49093,0.490399,0.490086,0.489341,0.490453,0.491763,0.49278,0.494116,0.497335,0.500167,0.50043,0.504606,0.507693,0.508754,0.510174,0.518339
TK26_S11,0.369538,0.364855,0.350646,0.36159,0.352849,0.356905,0.359977,0.345982,0.340189,0.339787,0.337328,0.344848,0.332324,0.331948,0.328159,0.325854,0.322045,0.318778,0.315812,0.313029,0.310425,0.308073,0.305281,0.302851,0.300488,0.298275,0.296054,0.293446,0.291146,0.288618,0.286377,0.284202,0.281999,0.279723,0.277527,0.275143,0.273174,0.271279,0.269525,0.267337,0.265432,0.263343,0.261242,0.259458,0.258041,0.256388,0.254748,0.253276,0.251365,0.249638,0.248315,0.246767,0.245469,0.244243,0.242929,0.241615,0.24025,0.239385,0.23887,0.238261,0.237893,0.237612,0.237249,0.23706,0.237371,0.237795,0.238088,0.238218,0.238411,0.239034,0.240099,0.241062,0.242347,0.244465,0.246647,0.248763,0.250088,0.251163,0.252479,0.253316,0.254294,0.255426,0.256061,0.256176,0.256003,0.255687,0.255394,0.255129,0.254058,0.252872,0.251667,0.250217,0.248475,0.246356,0.243892,0.241918,0.240221,0.238828,0.237803,0.236646,0.235279,0.234392,0.233925,0.232949,0.232469,0.232355,0.232071,0.232044,0.231532,0.231263,0.230722,0.230225,0.229398,0.228787,0.228401,0.228054,0.227818,0.227573,0.227518,0.227815,0.228453,0.229011,0.229881,0.230819,0.232288,0.234626,0.237079,0.240024,0.242994,0.245955,0.249112,0.252655,0.256424,0.259849,0.263143,0.266534,0.269253,0.272628,0.275053,0.276701,0.27931,0.28273,0.288257,0.294306,0.301836,0.310416,0.319784,0.331002,0.344232,0.358597,0.373394,0.3884,0.402189,0.415626,0.427715,0.438372,0.447393,0.455745,0.461776,0.467673,0.471721,0.475385,0.478095,0.479943,0.481014,0.482425,0.483624,0.484101,0.484241,0.484712,0.484308,0.483379,0.482308,0.481126,0.480032,0.479042,0.478383,0.477685,0.476711,0.474819,0.473178,0.471579,0.469303,0.46711,0.464509,0.462814,0.460395,0.458467,0.457049,0.454827,0.454315,0.452059,0.450907,0.449351,0.448309,0.44745,0.446186,0.446015,0.445718,0.444688,0.444613,0.444944,0.44486,0.444436,0.443217,0.442779,0.442619,0.441998,0.440941,0.440709,0.440282,0.438892,0.438384,0.436441,0.435484,0.434915,0.433448,0.432339,0.431243,0.430941,0.430245,0.429765,0.42931,0.42937,0.429214,0.429084,0.429581,0.429622,0.430522,0.430032,0.431505,0.43279,0.435682,0.439381,0.442243,0.444786,0.448354,0.450564,0.453044,0.453785,0.455185,0.454162,0.453651,0.453374,0.453521,0.455043,0.455393,0.458638,0.461602,0.464135,0.465525,0.468829,0.472673,0.472338,0.475121,0.478872
TK26_S11,0.378138,0.375293,0.365772,0.370127,0.370203,0.374137,0.366726,0.35684,0.358306,0.346258,0.353334,0.352891,0.346951,0.346311,0.342853,0.341411,0.337608,0.335107,0.33214,0.329984,0.327375,0.325521,0.322951,0.321076,0.318958,0.316947,0.315127,0.31266,0.31086,0.30834,0.306079,0.304041,0.302166,0.300086,0.297963,0.295893,0.293979,0.292288,0.290724,0.288463,0.286677,0.284711,0.282974,0.281211,0.279858,0.278111,0.276605,0.275189,0.273406,0.271563,0.2705,0.269148,0.267688,0.266459,0.265266,0.264119,0.262606,0.261826,0.261277,0.26092,0.260553,0.260558,0.260154,0.260042,0.260616,0.260869,0.26113,0.26138,0.26153,0.262157,0.263263,0.264428,0.26587,0.268082,0.27029,0.272551,0.273792,0.275006,0.276202,0.277195,0.278178,0.279491,0.280143,0.280272,0.280213,0.279737,0.279576,0.279322,0.278093,0.277122,0.275792,0.274299,0.272488,0.270543,0.26812,0.266061,0.264406,0.263035,0.26204,0.260909,0.259603,0.258517,0.25771,0.257075,0.256653,0.256481,0.256228,0.256126,0.255549,0.255287,0.254485,0.253914,0.252946,0.252375,0.252071,0.251694,0.251642,0.251251,0.25117,0.25148,0.251832,0.252502,0.253272,0.254348,0.255955,0.258357,0.260936,0.263952,0.266758,0.269682,0.273106,0.276612,0.280255,0.283813,0.287114,0.290782,0.293309,0.296897,0.299123,0.300774,0.302949,0.306646,0.312079,0.318185,0.325452,0.334273,0.343642,0.354961,0.368033,0.382515,0.397516,0.412448,0.426514,0.440226,0.452379,0.463831,0.472865,0.481727,0.488273,0.493757,0.498487,0.502224,0.504997,0.506799,0.508179,0.509722,0.511208,0.511661,0.511929,0.512263,0.511726,0.511096,0.509625,0.508629,0.507746,0.506482,0.505926,0.504049,0.503431,0.50236,0.500209,0.498314,0.49606,0.494129,0.491388,0.489955,0.487312,0.485226,0.483761,0.480951,0.480568,0.478567,0.477135,0.475679,0.474864,0.474383,0.472733,0.472521,0.472054,0.470936,0.470511,0.470673,0.471038,0.470192,0.46883,0.468831,0.467962,0.467403,0.46721,0.466405,0.465936,0.464571,0.463971,0.461751,0.460511,0.460109,0.458304,0.457461,0.456394,0.45615,0.455265,0.454609,0.454391,0.454385,0.454117,0.454016,0.454258,0.45361,0.454531,0.453881,0.455419,0.457016,0.459663,0.463281,0.466949,0.469708,0.47275,0.474841,0.476635,0.477475,0.478757,0.477833,0.477247,0.476863,0.476774,0.478048,0.478223,0.479827,0.483373,0.48491,0.485165,0.489972,0.494873,0.494178,0.493463,0.500149
TK26_S11,0.407659,0.394491,0.387181,0.40256,0.390456,0.409675,0.392751,0.383284,0.380907,0.374884,0.37382,0.377339,0.368521,0.369122,0.365083,0.362304,0.358934,0.35554,0.352195,0.349514,0.346936,0.344778,0.342016,0.339837,0.337161,0.334906,0.332938,0.330194,0.327987,0.325578,0.323045,0.320885,0.318644,0.316524,0.314426,0.311995,0.309725,0.308117,0.30604,0.303738,0.301825,0.299881,0.297766,0.295863,0.294389,0.292383,0.290708,0.289156,0.287293,0.285267,0.284041,0.282479,0.280947,0.279631,0.278297,0.277142,0.275494,0.274598,0.274012,0.273386,0.272991,0.272745,0.272191,0.271945,0.272376,0.27239,0.272764,0.273018,0.273247,0.273662,0.274662,0.275676,0.277066,0.27908,0.281382,0.283553,0.284836,0.285941,0.287136,0.287791,0.288862,0.290171,0.290553,0.290458,0.290379,0.289932,0.289688,0.289351,0.28802,0.286875,0.285531,0.283932,0.281984,0.279913,0.277403,0.275293,0.273553,0.272139,0.27094,0.269706,0.268321,0.267184,0.26644,0.265697,0.265212,0.264932,0.264539,0.264386,0.263756,0.263506,0.262654,0.262181,0.261118,0.260324,0.260048,0.259607,0.259487,0.25901,0.258784,0.259163,0.259557,0.260082,0.26093,0.261978,0.2633,0.265868,0.268412,0.271219,0.274123,0.277107,0.280571,0.284056,0.287676,0.291053,0.294451,0.297966,0.300774,0.304088,0.306379,0.308125,0.310534,0.314063,0.319646,0.325734,0.333554,0.342526,0.351864,0.363647,0.377221,0.391803,0.407596,0.423028,0.437401,0.45165,0.464279,0.475739,0.485467,0.494338,0.500726,0.506683,0.511198,0.514884,0.517874,0.519148,0.520409,0.522394,0.523594,0.523901,0.524412,0.524371,0.523786,0.522906,0.521306,0.520129,0.519005,0.517752,0.516966,0.51583,0.514802,0.513115,0.5109,0.509033,0.507042,0.505112,0.501652,0.500118,0.496992,0.494782,0.493466,0.490511,0.489917,0.488135,0.48627,0.484193,0.483568,0.482778,0.481255,0.481079,0.480547,0.47948,0.47894,0.479421,0.479318,0.478629,0.477547,0.477091,0.476874,0.47576,0.475496,0.474191,0.473937,0.472203,0.471931,0.469901,0.468588,0.467735,0.465987,0.464768,0.463974,0.463667,0.462717,0.462466,0.461692,0.461515,0.461558,0.461394,0.461664,0.460928,0.461977,0.461656,0.46325,0.464746,0.467336,0.47106,0.474312,0.477099,0.480787,0.482203,0.484981,0.484827,0.486711,0.485644,0.485457,0.484827,0.485109,0.486397,0.48699,0.488641,0.492485,0.494815,0.493922,0.500777,0.502792,0.503917,0.506405,0.510091
TK26_S11,0.375664,0.366003,0.358143,0.371206,0.365026,0.379338,0.362857,0.351378,0.352183,0.34789,0.347445,0.354634,0.346951,0.34822,0.343476,0.341411,0.338055,0.334767,0.331966,0.329713,0.327429,0.325521,0.322974,0.321191,0.319136,0.317034,0.315296,0.31326,0.311185,0.308859,0.306846,0.304855,0.302969,0.301087,0.299326,0.297313,0.29531,0.293767,0.29228,0.290126,0.288533,0.286603,0.285138,0.283539,0.28228,0.280648,0.279265,0.277914,0.276142,0.274547,0.273421,0.272296,0.270915,0.26976,0.268911,0.267764,0.266419,0.265627,0.26523,0.264784,0.26462,0.2643,0.26402,0.263814,0.264243,0.264726,0.26511,0.26535,0.265571,0.266098,0.267334,0.26825,0.269635,0.271692,0.273931,0.275995,0.277173,0.278264,0.279504,0.280513,0.281344,0.282543,0.283029,0.283129,0.283171,0.282607,0.282692,0.282481,0.281356,0.280292,0.279342,0.277999,0.276355,0.274435,0.272333,0.270525,0.268963,0.267654,0.266695,0.265641,0.264405,0.263656,0.26304,0.262173,0.261863,0.261662,0.261741,0.261679,0.261037,0.261019,0.260378,0.260099,0.259252,0.258717,0.258386,0.257891,0.257962,0.257478,0.257465,0.257881,0.25843,0.259012,0.25976,0.260705,0.262131,0.264591,0.267013,0.269887,0.272779,0.275579,0.278816,0.282308,0.28557,0.289101,0.292384,0.295697,0.298322,0.301526,0.303687,0.305411,0.307721,0.311151,0.316517,0.322539,0.329882,0.338324,0.347572,0.358933,0.372043,0.38602,0.400868,0.415457,0.429389,0.44264,0.454406,0.465072,0.473944,0.482344,0.488141,0.49369,0.497806,0.501706,0.503775,0.50539,0.506404,0.508324,0.509292,0.509727,0.510274,0.510043,0.509531,0.509003,0.507677,0.506822,0.50586,0.504587,0.503683,0.502294,0.501284,0.500086,0.498318,0.496418,0.494275,0.492254,0.489434,0.487873,0.485339,0.483126,0.481687,0.479191,0.478875,0.477067,0.47591,0.474283,0.473334,0.472465,0.471015,0.47066,0.47018,0.469392,0.468914,0.469712,0.469674,0.468683,0.467713,0.467387,0.467009,0.466163,0.465636,0.464957,0.464381,0.462862,0.462482,0.46011,0.45905,0.458728,0.457012,0.456306,0.455836,0.454919,0.454019,0.453716,0.453752,0.453576,0.45368,0.45324,0.453698,0.453326,0.453955,0.453531,0.45536,0.456836,0.459418,0.462968,0.466118,0.468532,0.472081,0.473819,0.47601,0.47698,0.478396,0.47717,0.477322,0.476554,0.476774,0.478217,0.478402,0.480992,0.483803,0.485636,0.486268,0.490781,0.494108,0.494178,0.49555,0.501072
TK26_S11,0.401068,0.392045,0.384878,0.395648,0.386113,0.39316,0.389667,0.376521,0.374459,0.364564,0.37382,0.380417,0.371198,0.371807,0.367449,0.364576,0.361402,0.357462,0.353838,0.351282,0.348526,0.346123,0.343111,0.341155,0.338644,0.336257,0.334281,0.33192,0.329618,0.326972,0.324601,0.322398,0.320395,0.318055,0.316055,0.313602,0.311542,0.309577,0.308042,0.305534,0.303693,0.301498,0.299577,0.297602,0.296266,0.294335,0.292797,0.291287,0.289278,0.287209,0.285946,0.284582,0.282891,0.281679,0.280602,0.279223,0.277759,0.276672,0.276247,0.275831,0.275261,0.275038,0.274617,0.274403,0.274924,0.275295,0.275609,0.275733,0.276026,0.276664,0.277797,0.278799,0.280191,0.282412,0.284946,0.287039,0.288336,0.289313,0.290507,0.291444,0.29252,0.293907,0.294332,0.294601,0.294372,0.293821,0.293711,0.293348,0.292225,0.291118,0.28987,0.288277,0.286571,0.284337,0.282028,0.280067,0.278283,0.276856,0.275677,0.274643,0.273327,0.272219,0.271496,0.270779,0.270159,0.270023,0.269953,0.269942,0.269514,0.269168,0.268494,0.267817,0.26704,0.266383,0.266016,0.265639,0.265797,0.265271,0.265128,0.265535,0.265988,0.266723,0.267405,0.268529,0.269989,0.272622,0.275207,0.278359,0.281244,0.284593,0.287906,0.291577,0.295189,0.298839,0.302234,0.306063,0.30864,0.312279,0.314596,0.316586,0.318962,0.322664,0.328238,0.334643,0.342407,0.351216,0.360839,0.372708,0.386119,0.401133,0.415949,0.431135,0.445593,0.459314,0.471724,0.482707,0.491874,0.500428,0.506468,0.512258,0.517091,0.52076,0.523418,0.525034,0.526266,0.527823,0.528883,0.529276,0.530098,0.529743,0.529459,0.528563,0.527326,0.526054,0.525218,0.524071,0.523069,0.522081,0.521522,0.51982,0.517774,0.516329,0.513954,0.511789,0.509461,0.508012,0.505034,0.503019,0.50168,0.498948,0.498462,0.496689,0.495558,0.493477,0.492752,0.4916,0.490385,0.490251,0.490276,0.488777,0.488527,0.488896,0.489135,0.487928,0.487422,0.487157,0.486446,0.485813,0.485391,0.484063,0.483954,0.482492,0.482141,0.48007,0.47895,0.478013,0.476654,0.47565,0.474643,0.474147,0.473543,0.473535,0.473602,0.473308,0.473563,0.47247,0.473513,0.473327,0.474235,0.474073,0.475484,0.4767,0.479105,0.483159,0.486397,0.488974,0.492393,0.494519,0.497335,0.497759,0.49934,0.498131,0.497992,0.496647,0.497627,0.498964,0.499493,0.5019,0.504938,0.506728,0.507326,0.511008,0.514849,0.514349,0.516713,0.522846
TK26_S11,0.392007,0.381202,0.376909,0.3866,0.383957,0.392081,0.377547,0.366101,0.367205,0.359494,0.366883,0.370644,0.362463,0.362921,0.357546,0.355888,0.352074,0.348285,0.345323,0.342823,0.340187,0.338013,0.335208,0.333257,0.330872,0.328638,0.326609,0.324207,0.321917,0.319427,0.31694,0.314827,0.312729,0.310376,0.308239,0.30604,0.304095,0.302291,0.300509,0.298086,0.296252,0.294128,0.292061,0.290167,0.288857,0.286965,0.285397,0.283827,0.281924,0.280081,0.278896,0.277474,0.275786,0.274492,0.273328,0.272133,0.270476,0.269581,0.268966,0.26849,0.268084,0.267805,0.267408,0.267224,0.267627,0.267824,0.268241,0.268398,0.268468,0.269168,0.270266,0.271365,0.272752,0.275059,0.277359,0.27939,0.280796,0.281931,0.283218,0.283981,0.285063,0.286371,0.286711,0.286882,0.286744,0.286351,0.286216,0.285855,0.28477,0.28361,0.282441,0.280657,0.278734,0.276516,0.274131,0.271889,0.270162,0.26871,0.267501,0.266384,0.264789,0.263903,0.263213,0.262346,0.261892,0.261691,0.261407,0.261212,0.260832,0.260488,0.259741,0.259129,0.258187,0.257583,0.257261,0.256806,0.256611,0.25609,0.255964,0.256447,0.256915,0.257536,0.258247,0.259356,0.26071,0.263173,0.265798,0.268887,0.27177,0.274925,0.27834,0.28198,0.285517,0.289281,0.292826,0.296149,0.29883,0.302365,0.304563,0.306352,0.308947,0.312594,0.318255,0.324533,0.332362,0.34103,0.35049,0.361925,0.375864,0.390023,0.405189,0.420331,0.434849,0.448466,0.460574,0.471807,0.481053,0.489719,0.495494,0.501043,0.506041,0.509157,0.511902,0.513736,0.514738,0.516376,0.517486,0.517923,0.518275,0.518387,0.517582,0.51717,0.515483,0.514016,0.513148,0.512176,0.511295,0.510132,0.508846,0.507098,0.505111,0.503111,0.5013,0.498774,0.495916,0.494032,0.491605,0.489697,0.487859,0.485462,0.48536,0.483058,0.481451,0.479936,0.478944,0.478328,0.476824,0.476608,0.476215,0.474515,0.47416,0.474628,0.47458,0.473717,0.472873,0.472736,0.472349,0.471237,0.471029,0.469974,0.469395,0.46825,0.467738,0.46549,0.464088,0.463731,0.461903,0.460592,0.459758,0.459711,0.458189,0.457884,0.457704,0.457582,0.457408,0.457521,0.457296,0.456968,0.457831,0.457869,0.459048,0.461138,0.46305,0.467185,0.469583,0.472728,0.476176,0.477579,0.479702,0.4806,0.482242,0.480792,0.481256,0.480203,0.480396,0.481522,0.48263,0.484407,0.487038,0.490263,0.490705,0.49436,0.498139,0.495973,0.501341,0.50696
TK26_S11,0.376899,0.374121,0.366873,0.379936,0.365026,0.37621,0.366726,0.360521,0.357426,0.350351,0.351116,0.355216,0.349498,0.350351,0.344975,0.341091,0.337775,0.333493,0.329918,0.327461,0.324351,0.32176,0.318878,0.316515,0.314173,0.31174,0.309633,0.307072,0.304623,0.30223,0.299799,0.297715,0.29564,0.293402,0.291252,0.288902,0.286896,0.285036,0.283326,0.281075,0.279124,0.277159,0.275199,0.273316,0.271931,0.270293,0.268674,0.267145,0.265254,0.263547,0.262249,0.260888,0.259172,0.258131,0.257161,0.255857,0.254283,0.253616,0.252961,0.252388,0.252042,0.251825,0.251479,0.251193,0.25145,0.251786,0.25216,0.252327,0.252479,0.25314,0.254215,0.255264,0.256701,0.258886,0.260924,0.262835,0.264128,0.265169,0.266503,0.267195,0.268172,0.269386,0.269854,0.269981,0.26997,0.26945,0.269215,0.269089,0.267994,0.266922,0.265894,0.264461,0.262565,0.260627,0.258422,0.256399,0.254796,0.253563,0.25245,0.251392,0.249969,0.249009,0.248454,0.247629,0.247224,0.247069,0.246779,0.246609,0.246048,0.245993,0.24529,0.244848,0.243865,0.243326,0.243032,0.24262,0.242495,0.242268,0.242144,0.242543,0.243016,0.243699,0.244403,0.245574,0.246783,0.249085,0.251655,0.254675,0.257383,0.260547,0.263841,0.267187,0.270548,0.274142,0.277402,0.280861,0.283599,0.286938,0.289217,0.291013,0.293331,0.296937,0.302497,0.308609,0.316184,0.324908,0.33416,0.345465,0.358746,0.373271,0.388183,0.403331,0.417364,0.431045,0.443035,0.453964,0.46275,0.47102,0.47681,0.482447,0.486766,0.489956,0.492797,0.494139,0.49535,0.496921,0.498005,0.4983,0.498507,0.498754,0.497927,0.497198,0.495733,0.494678,0.493467,0.492067,0.491457,0.490352,0.489252,0.487511,0.48594,0.483934,0.481798,0.479273,0.476528,0.474972,0.472535,0.470315,0.468981,0.466334,0.466148,0.46399,0.462615,0.460803,0.460601,0.459757,0.457956,0.457528,0.456992,0.455951,0.455924,0.456516,0.456386,0.455122,0.454751,0.45434,0.453916,0.452977,0.45235,0.4516,0.451183,0.450067,0.449312,0.447482,0.446304,0.445773,0.444106,0.442768,0.441963,0.441744,0.440886,0.440581,0.440714,0.440363,0.440453,0.440108,0.440358,0.440211,0.441632,0.440942,0.441946,0.444236,0.446197,0.450132,0.453519,0.45637,0.459633,0.461539,0.463903,0.4643,0.466354,0.464619,0.465289,0.463832,0.46468,0.466147,0.46631,0.468536,0.472037,0.474044,0.4751,0.478956,0.482607,0.483558,0.48445,0.491032
TK26_S11,0.394576,0.390826,0.389498,0.39794,0.390456,0.394242,0.391721,0.379406,0.379055,0.371417,0.374597,0.380417,0.373892,0.374283,0.367317,0.364914,0.361638,0.357507,0.353875,0.351029,0.348043,0.345437,0.342638,0.340196,0.337601,0.335243,0.33285,0.330281,0.327902,0.325245,0.322678,0.320242,0.318129,0.315741,0.313614,0.311118,0.308876,0.307072,0.305283,0.302532,0.300687,0.298628,0.296509,0.294515,0.293038,0.291171,0.289584,0.288012,0.285838,0.284041,0.282605,0.281203,0.279542,0.278225,0.27695,0.27574,0.274268,0.273331,0.272749,0.272153,0.271725,0.271444,0.270899,0.270737,0.271053,0.27119,0.271548,0.271605,0.271872,0.272412,0.273475,0.274335,0.275785,0.277842,0.280139,0.282289,0.283506,0.284574,0.285671,0.286569,0.287571,0.288726,0.289146,0.289365,0.289229,0.288875,0.288603,0.288418,0.287193,0.286166,0.28483,0.283254,0.281555,0.279639,0.277025,0.274824,0.273295,0.271911,0.270679,0.269706,0.268291,0.267476,0.266571,0.265799,0.265343,0.265297,0.26489,0.264886,0.264331,0.264055,0.263326,0.262782,0.261752,0.261085,0.260858,0.260561,0.260414,0.260112,0.259999,0.26026,0.260578,0.261124,0.262008,0.262967,0.264343,0.266937,0.269406,0.272291,0.275155,0.278135,0.281614,0.285011,0.288368,0.291996,0.295488,0.298972,0.301532,0.304952,0.307184,0.308898,0.31127,0.314893,0.320438,0.326536,0.333879,0.342344,0.351677,0.362821,0.376015,0.390232,0.404973,0.419827,0.433463,0.446704,0.458794,0.469446,0.478189,0.486491,0.492185,0.497741,0.501938,0.505172,0.507873,0.509631,0.510712,0.512458,0.513242,0.513751,0.514034,0.514195,0.513557,0.51271,0.511129,0.510215,0.509413,0.508041,0.507071,0.506311,0.505396,0.50383,0.502109,0.500063,0.498007,0.49617,0.492997,0.491257,0.488897,0.486817,0.485283,0.482878,0.482349,0.480562,0.479349,0.477782,0.476816,0.476183,0.474542,0.474134,0.473937,0.472959,0.472549,0.473041,0.472983,0.471929,0.471026,0.470734,0.470516,0.469847,0.469162,0.468374,0.467733,0.466431,0.465899,0.464126,0.462418,0.462189,0.46065,0.45958,0.458787,0.458573,0.457352,0.457036,0.456686,0.456604,0.456253,0.456294,0.456675,0.456283,0.457541,0.456633,0.458451,0.459861,0.462185,0.465732,0.468425,0.471544,0.474627,0.47655,0.478445,0.479177,0.480932,0.47968,0.479588,0.478491,0.479427,0.480842,0.481546,0.484016,0.485957,0.487456,0.48848,0.493544,0.496023,0.496648,0.49949,0.504781
